{"objectID":"_account_createaccount_post.html#z4rvtn_8","parent":"_account_createaccount_post.html#z4rvtn_8","pageViews":0,"url":"writerside-documentation/account-createaccount-post.html#z4rvtn_8","mainTitle":"/Account/CreateAccount POST","product":"","headings":"/Account/CreateAccount POST,Request parameters","content":"Request parameters: Header \u0026lt;pre\u0026gt;\nContent-type: Authorization\nnull Access token (Bearer \u0026lt;token\u0026gt;)\n\u0026lt;/pre\u0026gt;\nRequest parameters: Body \u0026lt;pre\u0026gt;\nContent-type: application/json\nAccountEntity\n   accountId: integer int32\n   email: string\n   passwordHash: string\n   role: string\n   isActive: boolean\n   createdAt: string date-time\n   updatedAt: string date-time\n   owner: User\n      appMetadata: object\n      aud: string\n      confirmationSentAt: string date-time\n      confirmedAt: string date-time\n      createdAt: string date-time\n      email: string\n      emailConfirmedAt: string date-time\n      id: string\n      identities: Array of UserIdentity\n         id: string\n         userId: string\n         identityData: object\n         identityId: string\n         provider: string\n         createdAt: string date-time\n         lastSignInAt: string date-time\n         updatedAt: string date-time\n      invitedAt: string date-time\n      lastSignInAt: string date-time\n      phone: string\n      phoneConfirmedAt: string date-time\n      recoverySentAt: string date-time\n      role: string\n      updatedAt: string date-time\n      bannedUntil: string date-time\n      isAnonymous: boolean\n      factors: Array of Factor\n         id: string\n         friendlyName: string\n         factorType: string\n         status: string\n         createdAt: string date-time\n         updatedAt: string date-time\n      userMetadata: object\n   userId: string\n   isSoftDeleted: boolean\n\u0026lt;/pre\u0026gt;\n\u0026lt;pre\u0026gt;\nContent-type: text/json\nAccountEntity\n   accountId: integer int32\n   email: string\n   passwordHash: string\n   role: string\n   isActive: boolean\n   createdAt: string date-time\n   updatedAt: string date-time\n   owner: User\n      appMetadata: object\n      aud: string\n      confirmationSentAt: string date-time\n      confirmedAt: string date-time\n      createdAt: string date-time\n      email: string\n      emailConfirmedAt: string date-time\n      id: string\n      identities: Array of UserIdentity\n         id: string\n         userId: string\n         identityData: object\n         identityId: string\n         provider: string\n         createdAt: string date-time\n         lastSignInAt: string date-time\n         updatedAt: string date-time\n      invitedAt: string date-time\n      lastSignInAt: string date-time\n      phone: string\n      phoneConfirmedAt: string date-time\n      recoverySentAt: string date-time\n      role: string\n      updatedAt: string date-time\n      bannedUntil: string date-time\n      isAnonymous: boolean\n      factors: Array of Factor\n         id: string\n         friendlyName: string\n         factorType: string\n         status: string\n         createdAt: string date-time\n         updatedAt: string date-time\n      userMetadata: object\n   userId: string\n   isSoftDeleted: boolean\n\u0026lt;/pre\u0026gt;\n\u0026lt;pre\u0026gt;\nContent-type: application/*+json\nAccountEntity\n   accountId: integer int32\n   email: string\n   passwordHash: string\n   role: string\n   isActive: boolean\n   createdAt: string date-time\n   updatedAt: string date-time\n   owner: User\n      appMetadata: object\n      aud: string\n      confirmationSentAt: string date-time\n      confirmedAt: string date-time\n      createdAt: string date-time\n      email: string\n      emailConfirmedAt: string date-time\n      id: string\n      identities: Array of UserIdentity\n         id: string\n         userId: string\n         identityData: object\n         identityId: string\n         provider: string\n         createdAt: string date-time\n         lastSignInAt: string date-time\n         updatedAt: string date-time\n      invitedAt: string date-time\n      lastSignInAt: string date-time\n      phone: string\n      phoneConfirmedAt: string date-time\n      recoverySentAt: string date-time\n      role: string\n      updatedAt: string date-time\n      bannedUntil: string date-time\n      isAnonymous: boolean\n      factors: Array of Factor\n         id: string\n         friendlyName: string\n         factorType: string\n         status: string\n         createdAt: string date-time\n         updatedAt: string date-time\n      userMetadata: object\n   userId: string\n   isSoftDeleted: boolean\n\u0026lt;/pre\u0026gt;\n{\n  \"accountId\": 96,\n  \"email\": \"example\",\n  \"passwordHash\": \"example\",\n  \"role\": \"example\",\n  \"isActive\": true,\n  \"createdAt\": \"1971-04-26T12:26:06Z\",\n  \"updatedAt\": \"1971-04-26T12:26:06Z\",\n  \"owner\": {\n    \"appMetadata\": {},\n    \"aud\": \"example\",\n    \"confirmationSentAt\": \"1971-04-26T12:26:06Z\",\n    \"confirmedAt\": \"1971-04-26T12:26:06Z\",\n    \"createdAt\": \"1971-04-26T12:26:06Z\",\n    \"email\": \"example\",\n    \"emailConfirmedAt\": \"1971-04-26T12:26:06Z\",\n    \"id\": \"example\",\n    \"identities\": [\n      {\n        \"id\": \"example\",\n        \"userId\": \"example\",\n        \"identityData\": {},\n        \"identityId\": \"example\",\n        \"provider\": \"example\",\n        \"createdAt\": \"1971-04-26T12:26:06Z\",\n        \"lastSignInAt\": \"1971-04-26T12:26:06Z\",\n        \"updatedAt\": \"1971-04-26T12:26:06Z\"\n      }\n    ],\n    \"invitedAt\": \"1971-04-26T12:26:06Z\",\n    \"lastSignInAt\": \"1971-04-26T12:26:06Z\",\n    \"phone\": \"example\",\n    \"phoneConfirmedAt\": \"1971-04-26T12:26:06Z\",\n    \"recoverySentAt\": \"1971-04-26T12:26:06Z\",\n    \"role\": \"example\",\n    \"updatedAt\": \"1971-04-26T12:26:06Z\",\n    \"bannedUntil\": \"1971-04-26T12:26:06Z\",\n    \"isAnonymous\": true,\n    \"factors\": [\n      {\n        \"id\": \"example\",\n        \"friendlyName\": \"example\",\n        \"factorType\": \"example\",\n        \"status\": \"example\",\n        \"createdAt\": \"1971-04-26T12:26:06Z\",\n        \"updatedAt\": \"1971-04-26T12:26:06Z\"\n      }\n    ],\n    \"userMetadata\": {}\n  },\n  \"userId\": \"example\",\n  \"isSoftDeleted\": true\n}\n","pageTitle":"Request parameters","metaDescription":"","type":"Documentation","breadcrumbs":"🏗️ SaaS Factory///AppBlueprint///API Reference","root":0,"depth":3}