{"objectID":"_account_updateaccount_id_put.html#Account_UpdateAccount_id_PUT.md","parent":"_account_updateaccount_id_put.html#qh3twj_12","pageViews":0,"url":"writerside-documentation/account-updateaccount-id-put.html#Account_UpdateAccount_id_PUT.md","mainTitle":"/Account/UpdateAccount/{id} PUT","product":"","headings":"/Account/UpdateAccount/{id} PUT","content":"PUT /Account/UpdateAccount/{id} ","pageTitle":"/Account/UpdateAccount/{id} PUT","metaDescription":"","type":"Documentation","breadcrumbs":"🏗️ SaaS Factory///AppBlueprint///API Reference","root":0,"depth":3}