{"objectID":"_account_getaccount_id_get.html#Account_GetAccount_id_GET.md","parent":"_account_getaccount_id_get.html#sk1xs7_9","pageViews":0,"url":"writerside-documentation/account-getaccount-id-get.html#Account_GetAccount_id_GET.md","mainTitle":"/Account/GetAccount/{id} GET","product":"","headings":"/Account/GetAccount/{id} GET","content":"GET /Account/GetAccount/{id} ","pageTitle":"/Account/GetAccount/{id} GET","metaDescription":"","type":"Documentation","breadcrumbs":"🏗️ SaaS Factory///AppBlueprint///API Reference","root":0,"depth":3}