{"objectID":"_account_deleteaccount_id_delete.html#f01v0v_9","parent":"_account_deleteaccount_id_delete.html#f01v0v_9","pageViews":0,"url":"writerside-documentation/account-deleteaccount-id-delete.html#f01v0v_9","mainTitle":"/Account/DeleteAccount/{id} DELETE","product":"","headings":"/Account/DeleteAccount/{id} DELETE,Request parameters","content":"Request parameters: Path \u0026lt;pre\u0026gt;\nContent-type: id\ninteger int32\n\u0026lt;/pre\u0026gt;\nRequest parameters: Header \u0026lt;pre\u0026gt;\nContent-type: Authorization\nnull Access token (Bearer \u0026lt;token\u0026gt;)\n\u0026lt;/pre\u0026gt;\n","pageTitle":"Request parameters","metaDescription":"","type":"Documentation","breadcrumbs":"🏗️ SaaS Factory///AppBlueprint///API Reference","root":0,"depth":3}