{"objectID":"_account_deleteaccount_id_delete.html#Account_DeleteAccount_id_DELETE.md","parent":"_account_deleteaccount_id_delete.html#f01v0v_9","pageViews":0,"url":"writerside-documentation/account-deleteaccount-id-delete.html#Account_DeleteAccount_id_DELETE.md","mainTitle":"/Account/DeleteAccount/{id} DELETE","product":"","headings":"/Account/DeleteAccount/{id} DELETE","content":"DELETE /Account/DeleteAccount/{id} ","pageTitle":"/Account/DeleteAccount/{id} DELETE","metaDescription":"","type":"Documentation","breadcrumbs":"🏗️ SaaS Factory///AppBlueprint///API Reference","root":0,"depth":3}