{"objectID":"_account_createaccount_post.html#Account_CreateAccount_POST.md","parent":"_account_createaccount_post.html#z4rvtn_8","pageViews":0,"url":"writerside-documentation/account-createaccount-post.html#Account_CreateAccount_POST.md","mainTitle":"/Account/CreateAccount POST","product":"","headings":"/Account/CreateAccount POST","content":"POST /Account/CreateAccount ","pageTitle":"/Account/CreateAccount POST","metaDescription":"","type":"Documentation","breadcrumbs":"🏗️ SaaS Factory///AppBlueprint///API Reference","root":0,"depth":3}