{"objectID":"_account_getaccount_id_get.html#sk1xs7_9","parent":"_account_getaccount_id_get.html#sk1xs7_9","pageViews":0,"url":"writerside-documentation/account-getaccount-id-get.html#sk1xs7_9","mainTitle":"/Account/GetAccount/{id} GET","product":"","headings":"/Account/GetAccount/{id} GET,Request parameters","content":"Request parameters: Path \u0026lt;pre\u0026gt;\nContent-type: id\ninteger int32\n\u0026lt;/pre\u0026gt;\nRequest parameters: Header \u0026lt;pre\u0026gt;\nContent-type: Authorization\nnull Access token (Bearer \u0026lt;token\u0026gt;)\n\u0026lt;/pre\u0026gt;\n","pageTitle":"Request parameters","metaDescription":"","type":"Documentation","breadcrumbs":"🏗️ SaaS Factory///AppBlueprint///API Reference","root":0,"depth":3}