{"objectID":"_admin_post.html#ey9zkb_11","parent":"_admin_post.html#ey9zkb_10","pageViews":0,"url":"writerside-documentation/admin-post.html#ey9zkb_11","mainTitle":"/Admin POST","product":"","headings":"/Admin POST,Responses","content":"201 Created \u0026lt;pre\u0026gt; Content-type: application/json Array of AccountEntity accountId: integer int32 email: string passwordHash: string role: string isActive: boolean createdAt: string date-time updatedAt: string date-time owner: User appMetadata: object aud: string confirmationSentAt: string date-time confirmedAt: string date-time createdAt: string date-time email: string emailConfirmedAt: string date-time id: string identities: Array of UserIdentity id: string userId: string identityData: object identityId: string provider: string createdAt: string date-time lastSignInAt: string date-time updatedAt: string date-time invitedAt: string date-time lastSignInAt: string date-time phone: string phoneConfirmedAt: string date-time recoverySentAt: string date-time role: string updatedAt: string date-time bannedUntil: string date-time isAnonymous: boolean factors: Array of Factor id: string friendlyName: string factorType: string status: string createdAt: string date-time updatedAt: string date-time userMetadata: object userId: string isSoftDeleted: boolean \u0026lt;/pre\u0026gt; [\n  {\n    \"accountId\": 96,\n    \"email\": \"example\",\n    \"passwordHash\": \"example\",\n    \"role\": \"example\",\n    \"isActive\": true,\n    \"createdAt\": \"1971-04-26T12:26:06Z\",\n    \"updatedAt\": \"1971-04-26T12:26:06Z\",\n    \"owner\": {\n      \"appMetadata\": {},\n      \"aud\": \"example\",\n      \"confirmationSentAt\": \"1971-04-26T12:26:06Z\",\n      \"confirmedAt\": \"1971-04-26T12:26:06Z\",\n      \"createdAt\": \"1971-04-26T12:26:06Z\",\n      \"email\": \"example\",\n      \"emailConfirmedAt\": \"1971-04-26T12:26:06Z\",\n      \"id\": \"example\",\n      \"identities\": [\n        {\n          \"id\": \"example\",\n          \"userId\": \"example\",\n          \"identityData\": {},\n          \"identityId\": \"example\",\n          \"provider\": \"example\",\n          \"createdAt\": \"1971-04-26T12:26:06Z\",\n          \"lastSignInAt\": \"1971-04-26T12:26:06Z\",\n          \"updatedAt\": \"1971-04-26T12:26:06Z\"\n        }\n      ],\n      \"invitedAt\": \"1971-04-26T12:26:06Z\",\n      \"lastSignInAt\": \"1971-04-26T12:26:06Z\",\n      \"phone\": \"example\",\n      \"phoneConfirmedAt\": \"1971-04-26T12:26:06Z\",\n      \"recoverySentAt\": \"1971-04-26T12:26:06Z\",\n      \"role\": \"example\",\n      \"updatedAt\": \"1971-04-26T12:26:06Z\",\n      \"bannedUntil\": \"1971-04-26T12:26:06Z\",\n      \"isAnonymous\": true,\n      \"factors\": [\n        {\n          \"id\": \"example\",\n          \"friendlyName\": \"example\",\n          \"factorType\": \"example\",\n          \"status\": \"example\",\n          \"createdAt\": \"1971-04-26T12:26:06Z\",\n          \"updatedAt\": \"1971-04-26T12:26:06Z\"\n        }\n      ],\n      \"userMetadata\": {}\n    },\n    \"userId\": \"example\",\n    \"isSoftDeleted\": true\n  }\n]\n401 Unauthorized 403 Forbidden ","pageTitle":"Responses","metaDescription":"","type":"Documentation","breadcrumbs":"🏗️ SaaS Factory///AppBlueprint///API Reference","root":0,"depth":3}