{"objectID":"_admin_id_delete.html#npzqgg_11","parent":"_admin_id_delete.html#npzqgg_11","pageViews":0,"url":"writerside-documentation/admin-id-delete.html#npzqgg_11","mainTitle":"/Admin/{id} DELETE","product":"","headings":"/Admin/{id} DELETE,Request parameters","content":"Request parameters: Path \u0026lt;pre\u0026gt;\nContent-type: id\ninteger int32\n\u0026lt;/pre\u0026gt;\nRequest parameters: Header \u0026lt;pre\u0026gt;\nContent-type: Authorization\nnull Access token (Bearer \u0026lt;token\u0026gt;)\n\u0026lt;/pre\u0026gt;\n","pageTitle":"Request parameters","metaDescription":"","type":"Documentation","breadcrumbs":"🏗️ SaaS Factory///AppBlueprint///API Reference","root":0,"depth":3}