{"objectID":"_admin_get.html#_fdzaqf_10","parent":"_admin_get.html#_fdzaqf_10","pageViews":0,"url":"writerside-documentation/admin-get.html#-fdzaqf_10","mainTitle":"/Admin GET","product":"","headings":"/Admin GET,Request parameters","content":"Request parameters: Header \u0026lt;pre\u0026gt;\nContent-type: Authorization\nnull Access token (Bearer \u0026lt;token\u0026gt;)\n\u0026lt;/pre\u0026gt;\n","pageTitle":"Request parameters","metaDescription":"","type":"Documentation","breadcrumbs":"🏗️ SaaS Factory///AppBlueprint///API Reference","root":0,"depth":3}