{"objectID":"_api_integrations_createintegration_post.html#tjuxil_11","parent":"_api_integrations_createintegration_post.html#tjuxil_10","pageViews":0,"url":"writerside-documentation/api-integrations-createintegration-post.html#tjuxil_11","mainTitle":"/api/integrations/CreateIntegration POST","product":"","headings":"/api/integrations/CreateIntegration POST,Responses","content":"201 Created \u0026lt;pre\u0026gt; Content-type: application/json IntegrationResponseDto id: integer int32 name: string \u0026lt;/pre\u0026gt; {\n  \"id\": 96,\n  \"name\": \"example\"\n}\n401 Unauthorized 403 Forbidden ","pageTitle":"Responses","metaDescription":"","type":"Documentation","breadcrumbs":"🏗️ SaaS Factory///AppBlueprint///API Reference","root":0,"depth":3}