{"objectID":"_api_authentication_setupmfa_post.html#_pcce47_11","parent":"_api_authentication_setupmfa_post.html#_pcce47_11","pageViews":0,"url":"writerside-documentation/api-authentication-setupmfa-post.html#-pcce47_11","mainTitle":"/api/Authentication/SetupMFA POST","product":"","headings":"/api/Authentication/SetupMFA POST,Request parameters","content":"Request parameters: Header \u0026lt;pre\u0026gt;\nContent-type: Authorization\nnull Access token (Bearer \u0026lt;token\u0026gt;)\n\u0026lt;/pre\u0026gt;\nRequest parameters: Body \u0026lt;pre\u0026gt;\nContent-type: application/json\nSetupMFARequest\n   userId: string\n\u0026lt;/pre\u0026gt;\n\u0026lt;pre\u0026gt;\nContent-type: text/json\nSetupMFARequest\n   userId: string\n\u0026lt;/pre\u0026gt;\n\u0026lt;pre\u0026gt;\nContent-type: application/*+json\nSetupMFARequest\n   userId: string\n\u0026lt;/pre\u0026gt;\n{\n  \"userId\": \"example\"\n}\n","pageTitle":"Request parameters","metaDescription":"","type":"Documentation","breadcrumbs":"🏗️ SaaS Factory///AppBlueprint///API Reference","root":0,"depth":3}