{"objectID":"_api_integrations_getintegration_id_get.html#api_integrations_GetIntegration_id_GET.md","parent":"_api_integrations_getintegration_id_get.html#tj3pcz_11","pageViews":0,"url":"writerside-documentation/api-integrations-getintegration-id-get.html#api_integrations_GetIntegration_id_GET.md","mainTitle":"/api/integrations/GetIntegration/{id} GET","product":"","headings":"/api/integrations/GetIntegration/{id} GET","content":"GET /api/integrations/GetIntegration/{id} ","pageTitle":"/api/integrations/GetIntegration/{id} GET","metaDescription":"","type":"Documentation","breadcrumbs":"🏗️ SaaS Factory///AppBlueprint///API Reference","root":0,"depth":3}