{"objectID":"_api_api_keys_getapikeys_get.html#_ej4hlt_11","parent":"_api_api_keys_getapikeys_get.html#_ej4hlt_10","pageViews":0,"url":"writerside-documentation/api-api-keys-getapikeys-get.html#-ej4hlt_11","mainTitle":"/api/api-keys/GetApiKeys GET","product":"","headings":"/api/api-keys/GetApiKeys GET,Responses","content":"200 OK \u0026lt;pre\u0026gt; Content-type: application/json Array of ApiKeyResponseDto id: integer int32 name: string email: string \u0026lt;/pre\u0026gt; [\n  {\n    \"id\": 96,\n    \"name\": \"example\",\n    \"email\": \"example\"\n  }\n]\n404 Not Found \u0026lt;pre\u0026gt; Content-type: application/json ProblemDetails type: string title: string status: integer int32 detail: string instance: string \u0026lt;/pre\u0026gt; {\n  \"type\": \"example\",\n  \"title\": \"example\",\n  \"status\": 96,\n  \"detail\": \"example\",\n  \"instance\": \"example\"\n}\n401 Unauthorized 403 Forbidden ","pageTitle":"Responses","metaDescription":"","type":"Documentation","breadcrumbs":"🏗️ SaaS Factory///AppBlueprint///API Reference","root":0,"depth":3}