{"objectID":"_api_credits_get.html#xlvu5f_10","parent":"_api_credits_get.html#xlvu5f_10","pageViews":0,"url":"writerside-documentation/api-credits-get.html#xlvu5f_10","mainTitle":"/api/credits GET","product":"","headings":"/api/credits GET,Request parameters","content":"Request parameters: Header \u0026lt;pre\u0026gt;\nContent-type: Authorization\nnull Access token (Bearer \u0026lt;token\u0026gt;)\n\u0026lt;/pre\u0026gt;\n","pageTitle":"Request parameters","metaDescription":"","type":"Documentation","breadcrumbs":"🏗️ SaaS Factory///AppBlueprint///API Reference","root":0,"depth":3}