{"objectID":"_api_search_post.html#_nqa4v7_12","parent":"_api_search_post.html#_nqa4v7_11","pageViews":0,"url":"writerside-documentation/api-search-post.html#-nqa4v7_12","mainTitle":"/api/search POST","product":"","headings":"/api/search POST,Responses","content":"201 Created \u0026lt;pre\u0026gt; Content-type: application/json SearchResponseDto id: integer int32 name: string email: string \u0026lt;/pre\u0026gt; {\n  \"id\": 96,\n  \"name\": \"example\",\n  \"email\": \"example\"\n}\n400 Bad Request \u0026lt;pre\u0026gt; Content-type: application/json ProblemDetails type: string title: string status: integer int32 detail: string instance: string \u0026lt;/pre\u0026gt; {\n  \"type\": \"example\",\n  \"title\": \"example\",\n  \"status\": 96,\n  \"detail\": \"example\",\n  \"instance\": \"example\"\n}\n401 Unauthorized 403 Forbidden ","pageTitle":"Responses","metaDescription":"","type":"Documentation","breadcrumbs":"🏗️ SaaS Factory///AppBlueprint///API Reference","root":0,"depth":3}