{"objectID":"_api_search_id_delete.html#api_search_id_DELETE.md","parent":"_api_search_id_delete.html#_npcexu_11","pageViews":0,"url":"writerside-documentation/api-search-id-delete.html#api_search_id_DELETE.md","mainTitle":"/api/search/{id} DELETE","product":"","headings":"/api/search/{id} DELETE","content":"DELETE /api/search/{id} ","pageTitle":"/api/search/{id} DELETE","metaDescription":"","type":"Documentation","breadcrumbs":"🏗️ SaaS Factory///AppBlueprint///API Reference","root":0,"depth":3}