{"objectID":"_api_auditlogs_getauditlogs_get.html#_t3jjey_10","parent":"_api_auditlogs_getauditlogs_get.html#_t3jjey_10","pageViews":0,"url":"writerside-documentation/api-auditlogs-getauditlogs-get.html#-t3jjey_10","mainTitle":"/api/AuditLogs/GetAuditLogs GET","product":"","headings":"/api/AuditLogs/GetAuditLogs GET,Request parameters","content":"Request parameters: Header \u0026lt;pre\u0026gt;\nContent-type: Authorization\nnull Access token (Bearer \u0026lt;token\u0026gt;)\n\u0026lt;/pre\u0026gt;\n","pageTitle":"Request parameters","metaDescription":"","type":"Documentation","breadcrumbs":"🏗️ SaaS Factory///AppBlueprint///API Reference","root":0,"depth":3}