{"objectID":"_api_integrations_getintegrations_get.html#_ictv5i_10","parent":"_api_integrations_getintegrations_get.html#_ictv5i_10","pageViews":0,"url":"writerside-documentation/api-integrations-getintegrations-get.html#-ictv5i_10","mainTitle":"/api/integrations/GetIntegrations GET","product":"","headings":"/api/integrations/GetIntegrations GET,Request parameters","content":"Request parameters: Header \u0026lt;pre\u0026gt;\nContent-type: Authorization\nnull Access token (Bearer \u0026lt;token\u0026gt;)\n\u0026lt;/pre\u0026gt;\n","pageTitle":"Request parameters","metaDescription":"","type":"Documentation","breadcrumbs":"🏗️ SaaS Factory///AppBlueprint///API Reference","root":0,"depth":3}