{"objectID":"_api_users_post.html#z362zsv_11","parent":"_api_users_post.html#z362zsv_10","pageViews":0,"url":"writerside-documentation/api-users-post.html#z362zsv_11","mainTitle":"/api/users POST","product":"","headings":"/api/users POST,Responses","content":"201 Created \u0026lt;pre\u0026gt; Content-type: application/json UserResponseDto id: integer int32 firstName: string lastName: string userName: string email: string \u0026lt;/pre\u0026gt; {\n  \"id\": 96,\n  \"firstName\": \"example\",\n  \"lastName\": \"example\",\n  \"userName\": \"example\",\n  \"email\": \"example\"\n}\n401 Unauthorized 403 Forbidden ","pageTitle":"Responses","metaDescription":"","type":"Documentation","breadcrumbs":"🏗️ SaaS Factory///AppBlueprint///API Reference","root":0,"depth":3}