{"objectID":"_api_integrations_updateintegration_id_put.html#api_integrations_UpdateIntegration_id_PUT.md","parent":"_api_integrations_updateintegration_id_put.html#_fzx30r_12","pageViews":0,"url":"writerside-documentation/api-integrations-updateintegration-id-put.html#api_integrations_UpdateIntegration_id_PUT.md","mainTitle":"/api/integrations/UpdateIntegration/{id} PUT","product":"","headings":"/api/integrations/UpdateIntegration/{id} PUT","content":"PUT /api/integrations/UpdateIntegration/{id} ","pageTitle":"/api/integrations/UpdateIntegration/{id} PUT","metaDescription":"","type":"Documentation","breadcrumbs":"🏗️ SaaS Factory///AppBlueprint///API Reference","root":0,"depth":3}