{"objectID":"_api_teams_post.html#_ssyowj_11","parent":"_api_teams_post.html#_ssyowj_11","pageViews":0,"url":"writerside-documentation/api-teams-post.html#-ssyowj_11","mainTitle":"/api/teams POST","product":"","headings":"/api/teams POST,Request parameters","content":"Request parameters: Header \u0026lt;pre\u0026gt;\nContent-type: Authorization\nnull Access token (Bearer \u0026lt;token\u0026gt;)\n\u0026lt;/pre\u0026gt;\nRequest parameters: Body \u0026lt;pre\u0026gt;\nContent-type: application/json\nTeamRequestDto\n   name: string\n   organizationId: integer int32\n\u0026lt;/pre\u0026gt;\n\u0026lt;pre\u0026gt;\nContent-type: text/json\nTeamRequestDto\n   name: string\n   organizationId: integer int32\n\u0026lt;/pre\u0026gt;\n\u0026lt;pre\u0026gt;\nContent-type: application/*+json\nTeamRequestDto\n   name: string\n   organizationId: integer int32\n\u0026lt;/pre\u0026gt;\n{\n  \"name\": \"example\",\n  \"organizationId\": 96\n}\n","pageTitle":"Request parameters","metaDescription":"","type":"Documentation","breadcrumbs":"🏗️ SaaS Factory///AppBlueprint///API Reference","root":0,"depth":3}