{"objectID":"_api_authentication_resetpassword_post.html#z5jrsl4_10","parent":"_api_authentication_resetpassword_post.html#z5jrsl4_9","pageViews":0,"url":"writerside-documentation/api-authentication-resetpassword-post.html#z5jrsl4_10","mainTitle":"/api/Authentication/ResetPassword POST","product":"","headings":"/api/Authentication/ResetPassword POST,Responses","content":"200 OK 400 Bad Request \u0026lt;pre\u0026gt; Content-type: application/json ProblemDetails type: string title: string status: integer int32 detail: string instance: string \u0026lt;/pre\u0026gt; {\n  \"type\": \"example\",\n  \"title\": \"example\",\n  \"status\": 96,\n  \"detail\": \"example\",\n  \"instance\": \"example\"\n}\n","pageTitle":"Responses","metaDescription":"","type":"Documentation","breadcrumbs":"🏗️ SaaS Factory///AppBlueprint///API Reference","root":0,"depth":3}