{"objectID":"_api_authentication_login_post.html#dfy76f_9","parent":"_api_authentication_login_post.html#dfy76f_9","pageViews":0,"url":"writerside-documentation/api-authentication-login-post.html#dfy76f_9","mainTitle":"/api/Authentication/Login POST","product":"","headings":"/api/Authentication/Login POST,Request parameters","content":"Request parameters: Header \u0026lt;pre\u0026gt;\nContent-type: Authorization\nnull Access token (Bearer \u0026lt;token\u0026gt;)\n\u0026lt;/pre\u0026gt;\nRequest parameters: Body \u0026lt;pre\u0026gt;\nContent-type: application/json\nLoginRequest\n   email: string\n   password: string\n\u0026lt;/pre\u0026gt;\n\u0026lt;pre\u0026gt;\nContent-type: text/json\nLoginRequest\n   email: string\n   password: string\n\u0026lt;/pre\u0026gt;\n\u0026lt;pre\u0026gt;\nContent-type: application/*+json\nLoginRequest\n   email: string\n   password: string\n\u0026lt;/pre\u0026gt;\n{\n  \"email\": \"example\",\n  \"password\": \"example\"\n}\n","pageTitle":"Request parameters","metaDescription":"","type":"Documentation","breadcrumbs":"🏗️ SaaS Factory///AppBlueprint///API Reference","root":0,"depth":3}