{"objectID":"_api_demo_id_get.html#_8ej256_11","parent":"_api_demo_id_get.html#_8ej256_11","pageViews":0,"url":"writerside-documentation/api-demo-id-get.html#-8ej256_11","mainTitle":"/api/demo/{id} GET","product":"","headings":"/api/demo/{id} GET,Request parameters","content":"Request parameters: Path \u0026lt;pre\u0026gt;\nContent-type: id\ninteger int32\n\u0026lt;/pre\u0026gt;\nRequest parameters: Header \u0026lt;pre\u0026gt;\nContent-type: Authorization\nnull Access token (Bearer \u0026lt;token\u0026gt;)\n\u0026lt;/pre\u0026gt;\n","pageTitle":"Request parameters","metaDescription":"","type":"Documentation","breadcrumbs":"🏗️ SaaS Factory///AppBlueprint///API Reference","root":0,"depth":3}