{"objectID":"_api_credits_id_get.html#b4ik4f_12","parent":"_api_credits_id_get.html#b4ik4f_11","pageViews":0,"url":"writerside-documentation/api-credits-id-get.html#b4ik4f_12","mainTitle":"/api/credits/{id} GET","product":"","headings":"/api/credits/{id} GET,Responses","content":"200 OK \u0026lt;pre\u0026gt; Content-type: application/json CreditResponseDto id: integer int32 creditRemaining: number double \u0026lt;/pre\u0026gt; {\n  \"id\": 96,\n  \"creditRemaining\": 16.0\n}\n404 Not Found \u0026lt;pre\u0026gt; Content-type: application/json ProblemDetails type: string title: string status: integer int32 detail: string instance: string \u0026lt;/pre\u0026gt; {\n  \"type\": \"example\",\n  \"title\": \"example\",\n  \"status\": 96,\n  \"detail\": \"example\",\n  \"instance\": \"example\"\n}\n401 Unauthorized 403 Forbidden ","pageTitle":"Responses","metaDescription":"","type":"Documentation","breadcrumbs":"🏗️ SaaS Factory///AppBlueprint///API Reference","root":0,"depth":3}