{"objectID":"_api_webhooks_webhook_post.html#_rbdevr_9","parent":"_api_webhooks_webhook_post.html#_rbdevr_8","pageViews":0,"url":"writerside-documentation/api-webhooks-webhook-post.html#-rbdevr_9","mainTitle":"/api/webhooks/Webhook POST","product":"","headings":"/api/webhooks/Webhook POST,Responses","content":"200 OK 400 Bad Request \u0026lt;pre\u0026gt; Content-type: application/json ProblemDetails type: string title: string status: integer int32 detail: string instance: string \u0026lt;/pre\u0026gt; {\n  \"type\": \"example\",\n  \"title\": \"example\",\n  \"status\": 96,\n  \"detail\": \"example\",\n  \"instance\": \"example\"\n}\n","pageTitle":"Responses","metaDescription":"","type":"Documentation","breadcrumbs":"🏗️ SaaS Factory///AppBlueprint///API Reference","root":0,"depth":3}