{"objectID":"_api_notifications_getnotifications_get.html#locjpy_9","parent":"_api_notifications_getnotifications_get.html#locjpy_9","pageViews":0,"url":"writerside-documentation/api-notifications-getnotifications-get.html#locjpy_9","mainTitle":"/api/notifications/GetNotifications GET","product":"","headings":"/api/notifications/GetNotifications GET,Request parameters","content":"Request parameters: Header \u0026lt;pre\u0026gt;\nContent-type: Authorization\nnull Access token (Bearer \u0026lt;token\u0026gt;)\n\u0026lt;/pre\u0026gt;\n","pageTitle":"Request parameters","metaDescription":"","type":"Documentation","breadcrumbs":"🏗️ SaaS Factory///AppBlueprint///API Reference","root":0,"depth":3}