{"objectID":"_api_files_updatefile_id_put.html#_n80zxl_13","parent":"_api_files_updatefile_id_put.html#_n80zxl_12","pageViews":0,"url":"writerside-documentation/api-files-updatefile-id-put.html#-n80zxl_13","mainTitle":"/api/Files/UpdateFile/{id} PUT","product":"","headings":"/api/Files/UpdateFile/{id} PUT,Responses","content":"204 No Content 404 Not Found \u0026lt;pre\u0026gt; Content-type: application/json ProblemDetails type: string title: string status: integer int32 detail: string instance: string \u0026lt;/pre\u0026gt; {\n  \"type\": \"example\",\n  \"title\": \"example\",\n  \"status\": 96,\n  \"detail\": \"example\",\n  \"instance\": \"example\"\n}\n401 Unauthorized 403 Forbidden ","pageTitle":"Responses","metaDescription":"","type":"Documentation","breadcrumbs":"🏗️ SaaS Factory///AppBlueprint///API Reference","root":0,"depth":3}