{"objectID":"_api_tenants_post.html#kwkwhs_12","parent":"_api_tenants_post.html#kwkwhs_11","pageViews":0,"url":"writerside-documentation/api-tenants-post.html#kwkwhs_12","mainTitle":"/api/tenants POST","product":"","headings":"/api/tenants POST,Responses","content":"201 Created \u0026lt;pre\u0026gt; Content-type: application/json TenantResponseDto id: integer int32 name: string \u0026lt;/pre\u0026gt; {\n  \"id\": 96,\n  \"name\": \"example\"\n}\n400 Bad Request \u0026lt;pre\u0026gt; Content-type: application/json ProblemDetails type: string title: string status: integer int32 detail: string instance: string \u0026lt;/pre\u0026gt; {\n  \"type\": \"example\",\n  \"title\": \"example\",\n  \"status\": 96,\n  \"detail\": \"example\",\n  \"instance\": \"example\"\n}\n401 Unauthorized 403 Forbidden ","pageTitle":"Responses","metaDescription":"","type":"Documentation","breadcrumbs":"🏗️ SaaS Factory///AppBlueprint///API Reference","root":0,"depth":3}