{"objectID":"_api_integrations_getintegrations_get.html#_ictv5i_11","parent":"_api_integrations_getintegrations_get.html#_ictv5i_10","pageViews":0,"url":"writerside-documentation/api-integrations-getintegrations-get.html#-ictv5i_11","mainTitle":"/api/integrations/GetIntegrations GET","product":"","headings":"/api/integrations/GetIntegrations GET,Responses","content":"200 OK \u0026lt;pre\u0026gt; Content-type: application/json Array of IntegrationResponseDto id: integer int32 name: string \u0026lt;/pre\u0026gt; [\n  {\n    \"id\": 96,\n    \"name\": \"example\"\n  }\n]\n404 Not Found \u0026lt;pre\u0026gt; Content-type: application/json ProblemDetails type: string title: string status: integer int32 detail: string instance: string \u0026lt;/pre\u0026gt; {\n  \"type\": \"example\",\n  \"title\": \"example\",\n  \"status\": 96,\n  \"detail\": \"example\",\n  \"instance\": \"example\"\n}\n401 Unauthorized 403 Forbidden ","pageTitle":"Responses","metaDescription":"","type":"Documentation","breadcrumbs":"🏗️ SaaS Factory///AppBlueprint///API Reference","root":0,"depth":3}