{"objectID":"_api_metrics_users_get.html#yc30fl_11","parent":"_api_metrics_users_get.html#yc30fl_10","pageViews":0,"url":"writerside-documentation/api-metrics-users-get.html#yc30fl_11","mainTitle":"/api/metrics/users GET","product":"","headings":"/api/metrics/users GET,Responses","content":"200 OK \u0026lt;pre\u0026gt; Content-type: application/json UserMetricsDto activeUsers: integer int32 newUsersThisMonth: integer int32 \u0026lt;/pre\u0026gt; {\n  \"activeUsers\": 96,\n  \"newUsersThisMonth\": 96\n}\n404 Not Found \u0026lt;pre\u0026gt; Content-type: application/json ProblemDetails type: string title: string status: integer int32 detail: string instance: string \u0026lt;/pre\u0026gt; {\n  \"type\": \"example\",\n  \"title\": \"example\",\n  \"status\": 96,\n  \"detail\": \"example\",\n  \"instance\": \"example\"\n}\n401 Unauthorized 403 Forbidden ","pageTitle":"Responses","metaDescription":"","type":"Documentation","breadcrumbs":"🏗️ SaaS Factory///AppBlueprint///API Reference","root":0,"depth":3}