{"objectID":"_api_notifications_getnotification_id_delete.html#api_notifications_GetNotification_id_DELETE.md","parent":"_api_notifications_getnotification_id_delete.html#_lyj36u_11","pageViews":0,"url":"writerside-documentation/api-notifications-getnotification-id-delete.html#api_notifications_GetNotification_id_DELETE.md","mainTitle":"/api/notifications/GetNotification/{id} DELETE","product":"","headings":"/api/notifications/GetNotification/{id} DELETE","content":"DELETE /api/notifications/GetNotification/{id} ","pageTitle":"/api/notifications/GetNotification/{id} DELETE","metaDescription":"","type":"Documentation","breadcrumbs":"🏗️ SaaS Factory///AppBlueprint///API Reference","root":0,"depth":3}