{"objectID":"_api_integrations_createintegration_post.html#api_integrations_CreateIntegration_POST.md","parent":"_api_integrations_createintegration_post.html#tjuxil_10","pageViews":0,"url":"writerside-documentation/api-integrations-createintegration-post.html#api_integrations_CreateIntegration_POST.md","mainTitle":"/api/integrations/CreateIntegration POST","product":"","headings":"/api/integrations/CreateIntegration POST","content":"POST /api/integrations/CreateIntegration ","pageTitle":"/api/integrations/CreateIntegration POST","metaDescription":"","type":"Documentation","breadcrumbs":"🏗️ SaaS Factory///AppBlueprint///API Reference","root":0,"depth":3}