{"objectID":"_api_credits_post.html#_sue0hb_12","parent":"_api_credits_post.html#_sue0hb_11","pageViews":0,"url":"writerside-documentation/api-credits-post.html#-sue0hb_12","mainTitle":"/api/credits POST","product":"","headings":"/api/credits POST,Responses","content":"201 Created \u0026lt;pre\u0026gt; Content-type: application/json CreditResponseDto id: integer int32 creditRemaining: number double \u0026lt;/pre\u0026gt; {\n  \"id\": 96,\n  \"creditRemaining\": 16.0\n}\n400 Bad Request \u0026lt;pre\u0026gt; Content-type: application/json ProblemDetails type: string title: string status: integer int32 detail: string instance: string \u0026lt;/pre\u0026gt; {\n  \"type\": \"example\",\n  \"title\": \"example\",\n  \"status\": 96,\n  \"detail\": \"example\",\n  \"instance\": \"example\"\n}\n401 Unauthorized 403 Forbidden ","pageTitle":"Responses","metaDescription":"","type":"Documentation","breadcrumbs":"🏗️ SaaS Factory///AppBlueprint///API Reference","root":0,"depth":3}