{"objectID":"_api_notifications_getnotification_id_delete.html#_lyj36u_11","parent":"_api_notifications_getnotification_id_delete.html#_lyj36u_11","pageViews":0,"url":"writerside-documentation/api-notifications-getnotification-id-delete.html#-lyj36u_11","mainTitle":"/api/notifications/GetNotification/{id} DELETE","product":"","headings":"/api/notifications/GetNotification/{id} DELETE,Request parameters","content":"Request parameters: Path \u0026lt;pre\u0026gt;\nContent-type: id\ninteger int32\n\u0026lt;/pre\u0026gt;\nRequest parameters: Header \u0026lt;pre\u0026gt;\nContent-type: Authorization\nnull Access token (Bearer \u0026lt;token\u0026gt;)\n\u0026lt;/pre\u0026gt;\n","pageTitle":"Request parameters","metaDescription":"","type":"Documentation","breadcrumbs":"🏗️ SaaS Factory///AppBlueprint///API Reference","root":0,"depth":3}