{"objectID":"_api_credits_id_put.html#fmpv5y_12","parent":"_api_credits_id_put.html#fmpv5y_12","pageViews":0,"url":"writerside-documentation/api-credits-id-put.html#fmpv5y_12","mainTitle":"/api/credits/{id} PUT","product":"","headings":"/api/credits/{id} PUT,Request parameters","content":"Request parameters: Path \u0026lt;pre\u0026gt;\nContent-type: id\ninteger int32\n\u0026lt;/pre\u0026gt;\nRequest parameters: Header \u0026lt;pre\u0026gt;\nContent-type: Authorization\nnull Access token (Bearer \u0026lt;token\u0026gt;)\n\u0026lt;/pre\u0026gt;\nRequest parameters: Body \u0026lt;pre\u0026gt;\nContent-type: application/json\nCreditRequestDto\n   name: string\n\u0026lt;/pre\u0026gt;\n\u0026lt;pre\u0026gt;\nContent-type: text/json\nCreditRequestDto\n   name: string\n\u0026lt;/pre\u0026gt;\n\u0026lt;pre\u0026gt;\nContent-type: application/*+json\nCreditRequestDto\n   name: string\n\u0026lt;/pre\u0026gt;\n{\n  \"name\": \"example\"\n}\n","pageTitle":"Request parameters","metaDescription":"","type":"Documentation","breadcrumbs":"🏗️ SaaS Factory///AppBlueprint///API Reference","root":0,"depth":3}