{"objectID":"_api_authentication_setupmfa_post.html#_pcce47_12","parent":"_api_authentication_setupmfa_post.html#_pcce47_11","pageViews":0,"url":"writerside-documentation/api-authentication-setupmfa-post.html#-pcce47_12","mainTitle":"/api/Authentication/SetupMFA POST","product":"","headings":"/api/Authentication/SetupMFA POST,Responses","content":"200 OK 400 Bad Request \u0026lt;pre\u0026gt; Content-type: application/json ProblemDetails type: string title: string status: integer int32 detail: string instance: string \u0026lt;/pre\u0026gt; {\n  \"type\": \"example\",\n  \"title\": \"example\",\n  \"status\": 96,\n  \"detail\": \"example\",\n  \"instance\": \"example\"\n}\n401 Unauthorized 403 Forbidden ","pageTitle":"Responses","metaDescription":"","type":"Documentation","breadcrumbs":"🏗️ SaaS Factory///AppBlueprint///API Reference","root":0,"depth":3}