{"objectID":"_api_users_id_get.html#jcrc7h_12","parent":"_api_users_id_get.html#jcrc7h_11","pageViews":0,"url":"writerside-documentation/api-users-id-get.html#jcrc7h_12","mainTitle":"/api/users/{id} GET","product":"","headings":"/api/users/{id} GET,Responses","content":"200 OK \u0026lt;pre\u0026gt; Content-type: application/json UserResponseDto id: integer int32 firstName: string lastName: string userName: string email: string \u0026lt;/pre\u0026gt; {\n  \"id\": 96,\n  \"firstName\": \"example\",\n  \"lastName\": \"example\",\n  \"userName\": \"example\",\n  \"email\": \"example\"\n}\n404 Not Found \u0026lt;pre\u0026gt; Content-type: application/json ProblemDetails type: string title: string status: integer int32 detail: string instance: string \u0026lt;/pre\u0026gt; {\n  \"type\": \"example\",\n  \"title\": \"example\",\n  \"status\": 96,\n  \"detail\": \"example\",\n  \"instance\": \"example\"\n}\n401 Unauthorized 403 Forbidden ","pageTitle":"Responses","metaDescription":"","type":"Documentation","breadcrumbs":"🏗️ SaaS Factory///AppBlueprint///API Reference","root":0,"depth":3}