{"objectID":"_api_webhooks_webhook_post.html#api_webhooks_Webhook_POST.md","parent":"_api_webhooks_webhook_post.html#_rbdevr_8","pageViews":0,"url":"writerside-documentation/api-webhooks-webhook-post.html#api_webhooks_Webhook_POST.md","mainTitle":"/api/webhooks/Webhook POST","product":"","headings":"/api/webhooks/Webhook POST","content":"POST /api/webhooks/Webhook ","pageTitle":"/api/webhooks/Webhook POST","metaDescription":"","type":"Documentation","breadcrumbs":"🏗️ SaaS Factory///AppBlueprint///API Reference","root":0,"depth":3}