{"objectID":"_api_demo_post.html#jzq4ew_11","parent":"_api_demo_post.html#jzq4ew_11","pageViews":0,"url":"writerside-documentation/api-demo-post.html#jzq4ew_11","mainTitle":"/api/demo POST","product":"","headings":"/api/demo POST,Request parameters","content":"Request parameters: Header \u0026lt;pre\u0026gt;\nContent-type: Authorization\nnull Access token (Bearer \u0026lt;token\u0026gt;)\n\u0026lt;/pre\u0026gt;\nRequest parameters: Body \u0026lt;pre\u0026gt;\nContent-type: application/json\nstring\n\u0026lt;/pre\u0026gt;\n\u0026lt;pre\u0026gt;\nContent-type: text/json\nstring\n\u0026lt;/pre\u0026gt;\n\u0026lt;pre\u0026gt;\nContent-type: application/*+json\nstring\n\u0026lt;/pre\u0026gt;\n\"example\"\n","pageTitle":"Request parameters","metaDescription":"","type":"Documentation","breadcrumbs":"🏗️ SaaS Factory///AppBlueprint///API Reference","root":0,"depth":3}