{"objectID":"_api_search_post.html#_nqa4v7_11","parent":"_api_search_post.html#_nqa4v7_11","pageViews":0,"url":"writerside-documentation/api-search-post.html#-nqa4v7_11","mainTitle":"/api/search POST","product":"","headings":"/api/search POST,Request parameters","content":"Request parameters: Header \u0026lt;pre\u0026gt;\nContent-type: Authorization\nnull Access token (Bearer \u0026lt;token\u0026gt;)\n\u0026lt;/pre\u0026gt;\nRequest parameters: Body \u0026lt;pre\u0026gt;\nContent-type: application/json\nSearchRequestDto\n   name: string\n   email: string\n\u0026lt;/pre\u0026gt;\n\u0026lt;pre\u0026gt;\nContent-type: text/json\nSearchRequestDto\n   name: string\n   email: string\n\u0026lt;/pre\u0026gt;\n\u0026lt;pre\u0026gt;\nContent-type: application/*+json\nSearchRequestDto\n   name: string\n   email: string\n\u0026lt;/pre\u0026gt;\n{\n  \"name\": \"example\",\n  \"email\": \"example\"\n}\n","pageTitle":"Request parameters","metaDescription":"","type":"Documentation","breadcrumbs":"🏗️ SaaS Factory///AppBlueprint///API Reference","root":0,"depth":3}