{"objectID":"_api_tenants_id_delete.html#api_tenants_id_DELETE.md","parent":"_api_tenants_id_delete.html#c7cvx7_11","pageViews":0,"url":"writerside-documentation/api-tenants-id-delete.html#api_tenants_id_DELETE.md","mainTitle":"/api/tenants/{id} DELETE","product":"","headings":"/api/tenants/{id} DELETE","content":"DELETE /api/tenants/{id} ","pageTitle":"/api/tenants/{id} DELETE","metaDescription":"","type":"Documentation","breadcrumbs":"🏗️ SaaS Factory///AppBlueprint///API Reference","root":0,"depth":3}