{"objectID":"_api_data_exports_createdataexport_post.html#_60ig4a_11","parent":"_api_data_exports_createdataexport_post.html#_60ig4a_10","pageViews":0,"url":"writerside-documentation/api-data-exports-createdataexport-post.html#-60ig4a_11","mainTitle":"/api/data-exports/CreateDataExport POST","product":"","headings":"/api/data-exports/CreateDataExport POST,Responses","content":"201 Created \u0026lt;pre\u0026gt; Content-type: application/json DataExportResponseDto id: integer int32 name: string fileSize: number double \u0026lt;/pre\u0026gt; {\n  \"id\": 96,\n  \"name\": \"example\",\n  \"fileSize\": 16.0\n}\n401 Unauthorized 403 Forbidden ","pageTitle":"Responses","metaDescription":"","type":"Documentation","breadcrumbs":"🏗️ SaaS Factory///AppBlueprint///API Reference","root":0,"depth":3}