{"objectID":"_api_demo_id_get.html#_8ej256_12","parent":"_api_demo_id_get.html#_8ej256_11","pageViews":0,"url":"writerside-documentation/api-demo-id-get.html#-8ej256_12","mainTitle":"/api/demo/{id} GET","product":"","headings":"/api/demo/{id} GET,Responses","content":"200 OK \u0026lt;pre\u0026gt; Content-type: application/json string \u0026lt;/pre\u0026gt; \"example\"\n404 Not Found \u0026lt;pre\u0026gt; Content-type: application/json ProblemDetails type: string title: string status: integer int32 detail: string instance: string \u0026lt;/pre\u0026gt; {\n  \"type\": \"example\",\n  \"title\": \"example\",\n  \"status\": 96,\n  \"detail\": \"example\",\n  \"instance\": \"example\"\n}\n401 Unauthorized 403 Forbidden ","pageTitle":"Responses","metaDescription":"","type":"Documentation","breadcrumbs":"🏗️ SaaS Factory///AppBlueprint///API Reference","root":0,"depth":3}