{"objectID":"_api_tenants_id_get.html#g9rv9q_12","parent":"_api_tenants_id_get.html#g9rv9q_11","pageViews":0,"url":"writerside-documentation/api-tenants-id-get.html#g9rv9q_12","mainTitle":"/api/tenants/{id} GET","product":"","headings":"/api/tenants/{id} GET,Responses","content":"200 OK \u0026lt;pre\u0026gt; Content-type: application/json TenantResponseDto id: integer int32 name: string \u0026lt;/pre\u0026gt; {\n  \"id\": 96,\n  \"name\": \"example\"\n}\n404 Not Found \u0026lt;pre\u0026gt; Content-type: application/json ProblemDetails type: string title: string status: integer int32 detail: string instance: string \u0026lt;/pre\u0026gt; {\n  \"type\": \"example\",\n  \"title\": \"example\",\n  \"status\": 96,\n  \"detail\": \"example\",\n  \"instance\": \"example\"\n}\n401 Unauthorized 403 Forbidden ","pageTitle":"Responses","metaDescription":"","type":"Documentation","breadcrumbs":"🏗️ SaaS Factory///AppBlueprint///API Reference","root":0,"depth":3}