{"objectID":"_api_organizations_id_put.html#api_organizations_id_PUT.md","parent":"_api_organizations_id_put.html#w4mpxo_12","pageViews":0,"url":"writerside-documentation/api-organizations-id-put.html#api_organizations_id_PUT.md","mainTitle":"/api/organizations/{id} PUT","product":"","headings":"/api/organizations/{id} PUT","content":"PUT /api/organizations/{id} ","pageTitle":"/api/organizations/{id} PUT","metaDescription":"","type":"Documentation","breadcrumbs":"🏗️ SaaS Factory///AppBlueprint///API Reference","root":0,"depth":3}