{"objectID":"_api_metrics_overview_get.html#api_metrics_overview_GET.md","parent":"_api_metrics_overview_get.html#_ryzyc6_10","pageViews":0,"url":"writerside-documentation/api-metrics-overview-get.html#api_metrics_overview_GET.md","mainTitle":"/api/metrics/overview GET","product":"","headings":"/api/metrics/overview GET","content":"GET /api/metrics/overview ","pageTitle":"/api/metrics/overview GET","metaDescription":"","type":"Documentation","breadcrumbs":"🏗️ SaaS Factory///AppBlueprint///API Reference","root":0,"depth":3}