{"objectID":"_api_auditlogs_getauditlogs_get.html#api_AuditLogs_GetAuditLogs_GET.md","parent":"_api_auditlogs_getauditlogs_get.html#_t3jjey_10","pageViews":0,"url":"writerside-documentation/api-auditlogs-getauditlogs-get.html#api_AuditLogs_GetAuditLogs_GET.md","mainTitle":"/api/AuditLogs/GetAuditLogs GET","product":"","headings":"/api/AuditLogs/GetAuditLogs GET","content":"GET /api/AuditLogs/GetAuditLogs ","pageTitle":"/api/AuditLogs/GetAuditLogs GET","metaDescription":"","type":"Documentation","breadcrumbs":"🏗️ SaaS Factory///AppBlueprint///API Reference","root":0,"depth":3}