{"objectID":"_api_users_get.html#e0o8ol_11","parent":"_api_users_get.html#e0o8ol_10","pageViews":0,"url":"writerside-documentation/api-users-get.html#e0o8ol_11","mainTitle":"/api/users GET","product":"","headings":"/api/users GET,Responses","content":"200 OK \u0026lt;pre\u0026gt; Content-type: application/json Array of UserResponseDto id: integer int32 firstName: string lastName: string userName: string email: string \u0026lt;/pre\u0026gt; [\n  {\n    \"id\": 96,\n    \"firstName\": \"example\",\n    \"lastName\": \"example\",\n    \"userName\": \"example\",\n    \"email\": \"example\"\n  }\n]\n404 Not Found \u0026lt;pre\u0026gt; Content-type: application/json ProblemDetails type: string title: string status: integer int32 detail: string instance: string \u0026lt;/pre\u0026gt; {\n  \"type\": \"example\",\n  \"title\": \"example\",\n  \"status\": 96,\n  \"detail\": \"example\",\n  \"instance\": \"example\"\n}\n401 Unauthorized 403 Forbidden ","pageTitle":"Responses","metaDescription":"","type":"Documentation","breadcrumbs":"🏗️ SaaS Factory///AppBlueprint///API Reference","root":0,"depth":3}