{"objectID":"_api_metrics_overview_get.html#_ryzyc6_11","parent":"_api_metrics_overview_get.html#_ryzyc6_10","pageViews":0,"url":"writerside-documentation/api-metrics-overview-get.html#-ryzyc6_11","mainTitle":"/api/metrics/overview GET","product":"","headings":"/api/metrics/overview GET,Responses","content":"200 OK \u0026lt;pre\u0026gt; Content-type: application/json MetricsOverviewDto totalUsers: integer int32 activeSubscriptions: integer int32 totalRevenue: number double \u0026lt;/pre\u0026gt; {\n  \"totalUsers\": 96,\n  \"activeSubscriptions\": 96,\n  \"totalRevenue\": 16.0\n}\n404 Not Found \u0026lt;pre\u0026gt; Content-type: application/json ProblemDetails type: string title: string status: integer int32 detail: string instance: string \u0026lt;/pre\u0026gt; {\n  \"type\": \"example\",\n  \"title\": \"example\",\n  \"status\": 96,\n  \"detail\": \"example\",\n  \"instance\": \"example\"\n}\n401 Unauthorized 403 Forbidden ","pageTitle":"Responses","metaDescription":"","type":"Documentation","breadcrumbs":"🏗️ SaaS Factory///AppBlueprint///API Reference","root":0,"depth":3}