{"objectID":"_api_tenants_get.html#_od0mp8_10","parent":"_api_tenants_get.html#_od0mp8_10","pageViews":0,"url":"writerside-documentation/api-tenants-get.html#-od0mp8_10","mainTitle":"/api/tenants GET","product":"","headings":"/api/tenants GET,Request parameters","content":"Request parameters: Header \u0026lt;pre\u0026gt;\nContent-type: Authorization\nnull Access token (Bearer \u0026lt;token\u0026gt;)\n\u0026lt;/pre\u0026gt;\n","pageTitle":"Request parameters","metaDescription":"","type":"Documentation","breadcrumbs":"🏗️ SaaS Factory///AppBlueprint///API Reference","root":0,"depth":3}