{"objectID":"_api_integrations_createintegration_post.html#tjuxil_10","parent":"_api_integrations_createintegration_post.html#tjuxil_10","pageViews":0,"url":"writerside-documentation/api-integrations-createintegration-post.html#tjuxil_10","mainTitle":"/api/integrations/CreateIntegration POST","product":"","headings":"/api/integrations/CreateIntegration POST,Request parameters","content":"Request parameters: Header \u0026lt;pre\u0026gt;\nContent-type: Authorization\nnull Access token (Bearer \u0026lt;token\u0026gt;)\n\u0026lt;/pre\u0026gt;\nRequest parameters: Body \u0026lt;pre\u0026gt;\nContent-type: application/json\nIntegrationRequestDto\n   name: string\n\u0026lt;/pre\u0026gt;\n\u0026lt;pre\u0026gt;\nContent-type: text/json\nIntegrationRequestDto\n   name: string\n\u0026lt;/pre\u0026gt;\n\u0026lt;pre\u0026gt;\nContent-type: application/*+json\nIntegrationRequestDto\n   name: string\n\u0026lt;/pre\u0026gt;\n{\n  \"name\": \"example\"\n}\n","pageTitle":"Request parameters","metaDescription":"","type":"Documentation","breadcrumbs":"🏗️ SaaS Factory///AppBlueprint///API Reference","root":0,"depth":3}