{"objectID":"_api_files_getfiles_get.html#z392lli_10","parent":"_api_files_getfiles_get.html#z392lli_10","pageViews":0,"url":"writerside-documentation/api-files-getfiles-get.html#z392lli_10","mainTitle":"/api/Files/GetFiles GET","product":"","headings":"/api/Files/GetFiles GET,Request parameters","content":"Request parameters: Header \u0026lt;pre\u0026gt;\nContent-type: Authorization\nnull Access token (Bearer \u0026lt;token\u0026gt;)\n\u0026lt;/pre\u0026gt;\n","pageTitle":"Request parameters","metaDescription":"","type":"Documentation","breadcrumbs":"🏗️ SaaS Factory///AppBlueprint///API Reference","root":0,"depth":3}