{"objectID":"_api_data_exports_createdataexport_post.html#_60ig4a_10","parent":"_api_data_exports_createdataexport_post.html#_60ig4a_10","pageViews":0,"url":"writerside-documentation/api-data-exports-createdataexport-post.html#-60ig4a_10","mainTitle":"/api/data-exports/CreateDataExport POST","product":"","headings":"/api/data-exports/CreateDataExport POST,Request parameters","content":"Request parameters: Header \u0026lt;pre\u0026gt;\nContent-type: Authorization\nnull Access token (Bearer \u0026lt;token\u0026gt;)\n\u0026lt;/pre\u0026gt;\nRequest parameters: Body \u0026lt;pre\u0026gt;\nContent-type: application/json\nDataExportRequestDto\n   name: string\n   fileSize: number double\n\u0026lt;/pre\u0026gt;\n\u0026lt;pre\u0026gt;\nContent-type: text/json\nDataExportRequestDto\n   name: string\n   fileSize: number double\n\u0026lt;/pre\u0026gt;\n\u0026lt;pre\u0026gt;\nContent-type: application/*+json\nDataExportRequestDto\n   name: string\n   fileSize: number double\n\u0026lt;/pre\u0026gt;\n{\n  \"name\": \"example\",\n  \"fileSize\": 16.0\n}\n","pageTitle":"Request parameters","metaDescription":"","type":"Documentation","breadcrumbs":"🏗️ SaaS Factory///AppBlueprint///API Reference","root":0,"depth":3}