{"objectID":"_api_organizations_get.html#api_organizations_GET.md","parent":"_api_organizations_get.html#ndbtr1_9","pageViews":0,"url":"writerside-documentation/api-organizations-get.html#api_organizations_GET.md","mainTitle":"/api/organizations GET","product":"","headings":"/api/organizations GET","content":"GET /api/organizations ","pageTitle":"/api/organizations GET","metaDescription":"","type":"Documentation","breadcrumbs":"🏗️ SaaS Factory///AppBlueprint///API Reference","root":0,"depth":3}