{"objectID":"_api_auditlogs_getauditlog_id_get.html#api_AuditLogs_GetAuditLog_id_GET.md","parent":"_api_auditlogs_getauditlog_id_get.html#z5x2znz_11","pageViews":0,"url":"writerside-documentation/api-auditlogs-getauditlog-id-get.html#api_AuditLogs_GetAuditLog_id_GET.md","mainTitle":"/api/AuditLogs/GetAuditLog/{id} GET","product":"","headings":"/api/AuditLogs/GetAuditLog/{id} GET","content":"GET /api/AuditLogs/GetAuditLog/{id} ","pageTitle":"/api/AuditLogs/GetAuditLog/{id} GET","metaDescription":"","type":"Documentation","breadcrumbs":"🏗️ SaaS Factory///AppBlueprint///API Reference","root":0,"depth":3}