{"objectID":"_api_files_createfile_post.html#api_Files_CreateFile_POST.md","parent":"_api_files_createfile_post.html#pisvth_10","pageViews":0,"url":"writerside-documentation/api-files-createfile-post.html#api_Files_CreateFile_POST.md","mainTitle":"/api/Files/CreateFile POST","product":"","headings":"/api/Files/CreateFile POST","content":"POST /api/Files/CreateFile ","pageTitle":"/api/Files/CreateFile POST","metaDescription":"","type":"Documentation","breadcrumbs":"🏗️ SaaS Factory///AppBlueprint///API Reference","root":0,"depth":3}