{"objectID":"_api_roles_post.html#_ej2hl8_11","parent":"_api_roles_post.html#_ej2hl8_11","pageViews":0,"url":"writerside-documentation/api-roles-post.html#-ej2hl8_11","mainTitle":"/api/roles POST","product":"","headings":"/api/roles POST,Request parameters","content":"Request parameters: Header \u0026lt;pre\u0026gt;\nContent-type: Authorization\nnull Access token (Bearer \u0026lt;token\u0026gt;)\n\u0026lt;/pre\u0026gt;\nRequest parameters: Body \u0026lt;pre\u0026gt;\nContent-type: application/json\nRoleRequestDto\n   name: string\n\u0026lt;/pre\u0026gt;\n\u0026lt;pre\u0026gt;\nContent-type: text/json\nRoleRequestDto\n   name: string\n\u0026lt;/pre\u0026gt;\n\u0026lt;pre\u0026gt;\nContent-type: application/*+json\nRoleRequestDto\n   name: string\n\u0026lt;/pre\u0026gt;\n{\n  \"name\": \"example\"\n}\n","pageTitle":"Request parameters","metaDescription":"","type":"Documentation","breadcrumbs":"🏗️ SaaS Factory///AppBlueprint///API Reference","root":0,"depth":3}