{"objectID":"_api_credits_id_delete.html#_9qkguu_12","parent":"_api_credits_id_delete.html#_9qkguu_11","pageViews":0,"url":"writerside-documentation/api-credits-id-delete.html#-9qkguu_12","mainTitle":"/api/credits/{id} DELETE","product":"","headings":"/api/credits/{id} DELETE,Responses","content":"204 No Content 404 Not Found \u0026lt;pre\u0026gt; Content-type: application/json ProblemDetails type: string title: string status: integer int32 detail: string instance: string \u0026lt;/pre\u0026gt; {\n  \"type\": \"example\",\n  \"title\": \"example\",\n  \"status\": 96,\n  \"detail\": \"example\",\n  \"instance\": \"example\"\n}\n401 Unauthorized 403 Forbidden ","pageTitle":"Responses","metaDescription":"","type":"Documentation","breadcrumbs":"🏗️ SaaS Factory///AppBlueprint///API Reference","root":0,"depth":3}