{"objectID":"_api_authentication_login_post.html#dfy76f_10","parent":"_api_authentication_login_post.html#dfy76f_9","pageViews":0,"url":"writerside-documentation/api-authentication-login-post.html#dfy76f_10","mainTitle":"/api/Authentication/Login POST","product":"","headings":"/api/Authentication/Login POST,Responses","content":"200 OK 401 Unauthorized \u0026lt;pre\u0026gt; Content-type: application/json ProblemDetails type: string title: string status: integer int32 detail: string instance: string \u0026lt;/pre\u0026gt; {\n  \"type\": \"example\",\n  \"title\": \"example\",\n  \"status\": 96,\n  \"detail\": \"example\",\n  \"instance\": \"example\"\n}\n","pageTitle":"Responses","metaDescription":"","type":"Documentation","breadcrumbs":"🏗️ SaaS Factory///AppBlueprint///API Reference","root":0,"depth":3}