{"objectID":"_api_integrations_getintegration_id_get.html#tj3pcz_11","parent":"_api_integrations_getintegration_id_get.html#tj3pcz_11","pageViews":0,"url":"writerside-documentation/api-integrations-getintegration-id-get.html#tj3pcz_11","mainTitle":"/api/integrations/GetIntegration/{id} GET","product":"","headings":"/api/integrations/GetIntegration/{id} GET,Request parameters","content":"Request parameters: Path \u0026lt;pre\u0026gt;\nContent-type: id\ninteger int32\n\u0026lt;/pre\u0026gt;\nRequest parameters: Header \u0026lt;pre\u0026gt;\nContent-type: Authorization\nnull Access token (Bearer \u0026lt;token\u0026gt;)\n\u0026lt;/pre\u0026gt;\n","pageTitle":"Request parameters","metaDescription":"","type":"Documentation","breadcrumbs":"🏗️ SaaS Factory///AppBlueprint///API Reference","root":0,"depth":3}