{"objectID":"_api_roles_id_get.html#_coosn2_12","parent":"_api_roles_id_get.html#_coosn2_11","pageViews":0,"url":"writerside-documentation/api-roles-id-get.html#-coosn2_12","mainTitle":"/api/roles/{id} GET","product":"","headings":"/api/roles/{id} GET,Responses","content":"200 OK \u0026lt;pre\u0026gt; Content-type: application/json RoleResponseDto id: integer int32 name: string \u0026lt;/pre\u0026gt; {\n  \"id\": 96,\n  \"name\": \"example\"\n}\n404 Not Found \u0026lt;pre\u0026gt; Content-type: application/json ProblemDetails type: string title: string status: integer int32 detail: string instance: string \u0026lt;/pre\u0026gt; {\n  \"type\": \"example\",\n  \"title\": \"example\",\n  \"status\": 96,\n  \"detail\": \"example\",\n  \"instance\": \"example\"\n}\n401 Unauthorized 403 Forbidden ","pageTitle":"Responses","metaDescription":"","type":"Documentation","breadcrumbs":"🏗️ SaaS Factory///AppBlueprint///API Reference","root":0,"depth":3}