{"objectID":"_api_notifications_getnotifications_get.html#locjpy_10","parent":"_api_notifications_getnotifications_get.html#locjpy_9","pageViews":0,"url":"writerside-documentation/api-notifications-getnotifications-get.html#locjpy_10","mainTitle":"/api/notifications/GetNotifications GET","product":"","headings":"/api/notifications/GetNotifications GET,Responses","content":"200 OK \u0026lt;pre\u0026gt; Content-type: application/json Array of NotificationDto title: string message: string \u0026lt;/pre\u0026gt; [\n  {\n    \"title\": \"example\",\n    \"message\": \"example\"\n  }\n]\n401 Unauthorized 403 Forbidden ","pageTitle":"Responses","metaDescription":"","type":"Documentation","breadcrumbs":"🏗️ SaaS Factory///AppBlueprint///API Reference","root":0,"depth":3}