{"objectID":"_api_files_deletefile_id_delete.html#api_Files_DeleteFile_id_DELETE.md","parent":"_api_files_deletefile_id_delete.html#ua68nr_11","pageViews":0,"url":"writerside-documentation/api-files-deletefile-id-delete.html#api_Files_DeleteFile_id_DELETE.md","mainTitle":"/api/Files/DeleteFile/{id} DELETE","product":"","headings":"/api/Files/DeleteFile/{id} DELETE","content":"DELETE /api/Files/DeleteFile/{id} ","pageTitle":"/api/Files/DeleteFile/{id} DELETE","metaDescription":"","type":"Documentation","breadcrumbs":"🏗️ SaaS Factory///AppBlueprint///API Reference","root":0,"depth":3}