{"objectID":"_api_authentication_verifymfa_post.html#nstkil_9","parent":"_api_authentication_verifymfa_post.html#nstkil_9","pageViews":0,"url":"writerside-documentation/api-authentication-verifymfa-post.html#nstkil_9","mainTitle":"/api/Authentication/VerifyMFA POST","product":"","headings":"/api/Authentication/VerifyMFA POST,Request parameters","content":"Request parameters: Header \u0026lt;pre\u0026gt;\nContent-type: Authorization\nnull Access token (Bearer \u0026lt;token\u0026gt;)\n\u0026lt;/pre\u0026gt;\nRequest parameters: Body \u0026lt;pre\u0026gt;\nContent-type: application/json\nVerifyMFARequest\n   userId: string\n   code: string\n\u0026lt;/pre\u0026gt;\n\u0026lt;pre\u0026gt;\nContent-type: text/json\nVerifyMFARequest\n   userId: string\n   code: string\n\u0026lt;/pre\u0026gt;\n\u0026lt;pre\u0026gt;\nContent-type: application/*+json\nVerifyMFARequest\n   userId: string\n   code: string\n\u0026lt;/pre\u0026gt;\n{\n  \"userId\": \"example\",\n  \"code\": \"example\"\n}\n","pageTitle":"Request parameters","metaDescription":"","type":"Documentation","breadcrumbs":"🏗️ SaaS Factory///AppBlueprint///API Reference","root":0,"depth":3}