{"objectID":"_api_organizations_get.html#ndbtr1_9","parent":"_api_organizations_get.html#ndbtr1_9","pageViews":0,"url":"writerside-documentation/api-organizations-get.html#ndbtr1_9","mainTitle":"/api/organizations GET","product":"","headings":"/api/organizations GET,Request parameters","content":"Request parameters: Header \u0026lt;pre\u0026gt;\nContent-type: Authorization\nnull Access token (Bearer \u0026lt;token\u0026gt;)\n\u0026lt;/pre\u0026gt;\n","pageTitle":"Request parameters","metaDescription":"","type":"Documentation","breadcrumbs":"🏗️ SaaS Factory///AppBlueprint///API Reference","root":0,"depth":3}