{"objectID":"_api_credits_post.html#_sue0hb_11","parent":"_api_credits_post.html#_sue0hb_11","pageViews":0,"url":"writerside-documentation/api-credits-post.html#-sue0hb_11","mainTitle":"/api/credits POST","product":"","headings":"/api/credits POST,Request parameters","content":"Request parameters: Header \u0026lt;pre\u0026gt;\nContent-type: Authorization\nnull Access token (Bearer \u0026lt;token\u0026gt;)\n\u0026lt;/pre\u0026gt;\nRequest parameters: Body \u0026lt;pre\u0026gt;\nContent-type: application/json\nCreditRequestDto\n   name: string\n\u0026lt;/pre\u0026gt;\n\u0026lt;pre\u0026gt;\nContent-type: text/json\nCreditRequestDto\n   name: string\n\u0026lt;/pre\u0026gt;\n\u0026lt;pre\u0026gt;\nContent-type: application/*+json\nCreditRequestDto\n   name: string\n\u0026lt;/pre\u0026gt;\n{\n  \"name\": \"example\"\n}\n","pageTitle":"Request parameters","metaDescription":"","type":"Documentation","breadcrumbs":"🏗️ SaaS Factory///AppBlueprint///API Reference","root":0,"depth":3}