{"objectID":"_api_demo_id_put.html#_3wbr3n_13","parent":"_api_demo_id_put.html#_3wbr3n_13","pageViews":0,"url":"writerside-documentation/api-demo-id-put.html#-3wbr3n_13","mainTitle":"/api/demo/{id} PUT","product":"","headings":"/api/demo/{id} PUT,Request parameters","content":"Request parameters: Path \u0026lt;pre\u0026gt;\nContent-type: id\ninteger int32\n\u0026lt;/pre\u0026gt;\nRequest parameters: Header \u0026lt;pre\u0026gt;\nContent-type: Authorization\nnull Access token (Bearer \u0026lt;token\u0026gt;)\n\u0026lt;/pre\u0026gt;\nRequest parameters: Body \u0026lt;pre\u0026gt;\nContent-type: application/json\nstring\n\u0026lt;/pre\u0026gt;\n\u0026lt;pre\u0026gt;\nContent-type: text/json\nstring\n\u0026lt;/pre\u0026gt;\n\u0026lt;pre\u0026gt;\nContent-type: application/*+json\nstring\n\u0026lt;/pre\u0026gt;\n\"example\"\n","pageTitle":"Request parameters","metaDescription":"","type":"Documentation","breadcrumbs":"🏗️ SaaS Factory///AppBlueprint///API Reference","root":0,"depth":3}