{"objectID":"_api_roles_get.html#_4vs2u8_10","parent":"_api_roles_get.html#_4vs2u8_10","pageViews":0,"url":"writerside-documentation/api-roles-get.html#-4vs2u8_10","mainTitle":"/api/roles GET","product":"","headings":"/api/roles GET,Request parameters","content":"Request parameters: Header \u0026lt;pre\u0026gt;\nContent-type: Authorization\nnull Access token (Bearer \u0026lt;token\u0026gt;)\n\u0026lt;/pre\u0026gt;\n","pageTitle":"Request parameters","metaDescription":"","type":"Documentation","breadcrumbs":"🏗️ SaaS Factory///AppBlueprint///API Reference","root":0,"depth":3}