{"objectID":"_api_demo_get.html#c9q0n0_10","parent":"_api_demo_get.html#c9q0n0_9","pageViews":0,"url":"writerside-documentation/api-demo-get.html#c9q0n0_10","mainTitle":"/api/demo GET","product":"","headings":"/api/demo GET,Responses","content":"200 OK \u0026lt;pre\u0026gt; Content-type: application/json Array of string \u0026lt;/pre\u0026gt; [\n  \"example\"\n]\n401 Unauthorized 403 Forbidden ","pageTitle":"Responses","metaDescription":"","type":"Documentation","breadcrumbs":"🏗️ SaaS Factory///AppBlueprint///API Reference","root":0,"depth":3}