{"objectID":"_api_files_createfile_post.html#pisvth_10","parent":"_api_files_createfile_post.html#pisvth_10","pageViews":0,"url":"writerside-documentation/api-files-createfile-post.html#pisvth_10","mainTitle":"/api/Files/CreateFile POST","product":"","headings":"/api/Files/CreateFile POST,Request parameters","content":"Request parameters: Header \u0026lt;pre\u0026gt;\nContent-type: Authorization\nnull Access token (Bearer \u0026lt;token\u0026gt;)\n\u0026lt;/pre\u0026gt;\nRequest parameters: Body \u0026lt;pre\u0026gt;\nContent-type: application/json\nFileRequestDto\n   fileName: string\n\u0026lt;/pre\u0026gt;\n\u0026lt;pre\u0026gt;\nContent-type: text/json\nFileRequestDto\n   fileName: string\n\u0026lt;/pre\u0026gt;\n\u0026lt;pre\u0026gt;\nContent-type: application/*+json\nFileRequestDto\n   fileName: string\n\u0026lt;/pre\u0026gt;\n{\n  \"fileName\": \"example\"\n}\n","pageTitle":"Request parameters","metaDescription":"","type":"Documentation","breadcrumbs":"🏗️ SaaS Factory///AppBlueprint///API Reference","root":0,"depth":3}