{"objectID":"_api_files_getfiles_get.html#api_Files_GetFiles_GET.md","parent":"_api_files_getfiles_get.html#z392lli_10","pageViews":0,"url":"writerside-documentation/api-files-getfiles-get.html#api_Files_GetFiles_GET.md","mainTitle":"/api/Files/GetFiles GET","product":"","headings":"/api/Files/GetFiles GET","content":"GET /api/Files/GetFiles ","pageTitle":"/api/Files/GetFiles GET","metaDescription":"","type":"Documentation","breadcrumbs":"🏗️ SaaS Factory///AppBlueprint///API Reference","root":0,"depth":3}