{"objectID":"_api_files_updatefile_id_put.html#api_Files_UpdateFile_id_PUT.md","parent":"_api_files_updatefile_id_put.html#_n80zxl_12","pageViews":0,"url":"writerside-documentation/api-files-updatefile-id-put.html#api_Files_UpdateFile_id_PUT.md","mainTitle":"/api/Files/UpdateFile/{id} PUT","product":"","headings":"/api/Files/UpdateFile/{id} PUT","content":"PUT /api/Files/UpdateFile/{id} ","pageTitle":"/api/Files/UpdateFile/{id} PUT","metaDescription":"","type":"Documentation","breadcrumbs":"🏗️ SaaS Factory///AppBlueprint///API Reference","root":0,"depth":3}