{"objectID":"_api_api_keys_getapikeys_get.html#api_api_keys_GetApiKeys_GET.md","parent":"_api_api_keys_getapikeys_get.html#_ej4hlt_10","pageViews":0,"url":"writerside-documentation/api-api-keys-getapikeys-get.html#api_api_keys_GetApiKeys_GET.md","mainTitle":"/api/api-keys/GetApiKeys GET","product":"","headings":"/api/api-keys/GetApiKeys GET","content":"GET /api/api-keys/GetApiKeys ","pageTitle":"/api/api-keys/GetApiKeys GET","metaDescription":"","type":"Documentation","breadcrumbs":"🏗️ SaaS Factory///AppBlueprint///API Reference","root":0,"depth":3}