{"objectID":"_api_api_keys_id_get.html#tby4xo_11","parent":"_api_api_keys_id_get.html#tby4xo_11","pageViews":0,"url":"writerside-documentation/api-api-keys-id-get.html#tby4xo_11","mainTitle":"/api/api-keys/{id} GET","product":"","headings":"/api/api-keys/{id} GET,Request parameters","content":"Request parameters: Path \u0026lt;pre\u0026gt;\nContent-type: id\ninteger int32\n\u0026lt;/pre\u0026gt;\nRequest parameters: Header \u0026lt;pre\u0026gt;\nContent-type: Authorization\nnull Access token (Bearer \u0026lt;token\u0026gt;)\n\u0026lt;/pre\u0026gt;\n","pageTitle":"Request parameters","metaDescription":"","type":"Documentation","breadcrumbs":"🏗️ SaaS Factory///AppBlueprint///API Reference","root":0,"depth":3}