{"objectID":"_api_api_keys_getapikeys_get.html#_ej4hlt_10","parent":"_api_api_keys_getapikeys_get.html#_ej4hlt_10","pageViews":0,"url":"writerside-documentation/api-api-keys-getapikeys-get.html#-ej4hlt_10","mainTitle":"/api/api-keys/GetApiKeys GET","product":"","headings":"/api/api-keys/GetApiKeys GET,Request parameters","content":"Request parameters: Header \u0026lt;pre\u0026gt;\nContent-type: Authorization\nnull Access token (Bearer \u0026lt;token\u0026gt;)\n\u0026lt;/pre\u0026gt;\n","pageTitle":"Request parameters","metaDescription":"","type":"Documentation","breadcrumbs":"🏗️ SaaS Factory///AppBlueprint///API Reference","root":0,"depth":3}