{"objectID":"_api_integrations_updateintegration_id_put.html#_fzx30r_12","parent":"_api_integrations_updateintegration_id_put.html#_fzx30r_12","pageViews":0,"url":"writerside-documentation/api-integrations-updateintegration-id-put.html#-fzx30r_12","mainTitle":"/api/integrations/UpdateIntegration/{id} PUT","product":"","headings":"/api/integrations/UpdateIntegration/{id} PUT,Request parameters","content":"Request parameters: Path \u0026lt;pre\u0026gt;\nContent-type: id\ninteger int32\n\u0026lt;/pre\u0026gt;\nRequest parameters: Header \u0026lt;pre\u0026gt;\nContent-type: Authorization\nnull Access token (Bearer \u0026lt;token\u0026gt;)\n\u0026lt;/pre\u0026gt;\nRequest parameters: Body \u0026lt;pre\u0026gt;\nContent-type: application/json\nIntegrationRequestDto\n   name: string\n\u0026lt;/pre\u0026gt;\n\u0026lt;pre\u0026gt;\nContent-type: text/json\nIntegrationRequestDto\n   name: string\n\u0026lt;/pre\u0026gt;\n\u0026lt;pre\u0026gt;\nContent-type: application/*+json\nIntegrationRequestDto\n   name: string\n\u0026lt;/pre\u0026gt;\n{\n  \"name\": \"example\"\n}\n","pageTitle":"Request parameters","metaDescription":"","type":"Documentation","breadcrumbs":"🏗️ SaaS Factory///AppBlueprint///API Reference","root":0,"depth":3}