{"objectID":"_api_teams_post.html#_ssyowj_12","parent":"_api_teams_post.html#_ssyowj_11","pageViews":0,"url":"writerside-documentation/api-teams-post.html#-ssyowj_12","mainTitle":"/api/teams POST","product":"","headings":"/api/teams POST,Responses","content":"201 Created \u0026lt;pre\u0026gt; Content-type: application/json TeamResponseDto id: integer int32 name: string memberCount: integer int32 \u0026lt;/pre\u0026gt; {\n  \"id\": 96,\n  \"name\": \"example\",\n  \"memberCount\": 96\n}\n400 Bad Request \u0026lt;pre\u0026gt; Content-type: application/json ProblemDetails type: string title: string status: integer int32 detail: string instance: string \u0026lt;/pre\u0026gt; {\n  \"type\": \"example\",\n  \"title\": \"example\",\n  \"status\": 96,\n  \"detail\": \"example\",\n  \"instance\": \"example\"\n}\n401 Unauthorized 403 Forbidden ","pageTitle":"Responses","metaDescription":"","type":"Documentation","breadcrumbs":"🏗️ SaaS Factory///AppBlueprint///API Reference","root":0,"depth":3}