{"objectID":"_api_authentication_register_post.html#_axiznj_9","parent":"_api_authentication_register_post.html#_axiznj_9","pageViews":0,"url":"writerside-documentation/api-authentication-register-post.html#-axiznj_9","mainTitle":"/api/Authentication/Register POST","product":"","headings":"/api/Authentication/Register POST,Request parameters","content":"Request parameters: Header \u0026lt;pre\u0026gt;\nContent-type: Authorization\nnull Access token (Bearer \u0026lt;token\u0026gt;)\n\u0026lt;/pre\u0026gt;\nRequest parameters: Body \u0026lt;pre\u0026gt;\nContent-type: application/json\nRegisterRequest\n   userName: string\n   firstName: string\n   lastName: string\n   email: string\n   password: string\n\u0026lt;/pre\u0026gt;\n\u0026lt;pre\u0026gt;\nContent-type: text/json\nRegisterRequest\n   userName: string\n   firstName: string\n   lastName: string\n   email: string\n   password: string\n\u0026lt;/pre\u0026gt;\n\u0026lt;pre\u0026gt;\nContent-type: application/*+json\nRegisterRequest\n   userName: string\n   firstName: string\n   lastName: string\n   email: string\n   password: string\n\u0026lt;/pre\u0026gt;\n{\n  \"userName\": \"example\",\n  \"firstName\": \"example\",\n  \"lastName\": \"example\",\n  \"email\": \"example\",\n  \"password\": \"example\"\n}\n","pageTitle":"Request parameters","metaDescription":"","type":"Documentation","breadcrumbs":"🏗️ SaaS Factory///AppBlueprint///API Reference","root":0,"depth":3}