{"objectID":"_api_integrations_getintegrations_get.html#api_integrations_GetIntegrations_GET.md","parent":"_api_integrations_getintegrations_get.html#_ictv5i_10","pageViews":0,"url":"writerside-documentation/api-integrations-getintegrations-get.html#api_integrations_GetIntegrations_GET.md","mainTitle":"/api/integrations/GetIntegrations GET","product":"","headings":"/api/integrations/GetIntegrations GET","content":"GET /api/integrations/GetIntegrations ","pageTitle":"/api/integrations/GetIntegrations GET","metaDescription":"","type":"Documentation","breadcrumbs":"🏗️ SaaS Factory///AppBlueprint///API Reference","root":0,"depth":3}