{"objectID":"_api_users_post.html#z362zsv_10","parent":"_api_users_post.html#z362zsv_10","pageViews":0,"url":"writerside-documentation/api-users-post.html#z362zsv_10","mainTitle":"/api/users POST","product":"","headings":"/api/users POST,Request parameters","content":"Request parameters: Header \u0026lt;pre\u0026gt;\nContent-type: Authorization\nnull Access token (Bearer \u0026lt;token\u0026gt;)\n\u0026lt;/pre\u0026gt;\nRequest parameters: Body \u0026lt;pre\u0026gt;\nContent-type: application/json\nUserRequestDto\n   name: string\n   email: string\n\u0026lt;/pre\u0026gt;\n\u0026lt;pre\u0026gt;\nContent-type: text/json\nUserRequestDto\n   name: string\n   email: string\n\u0026lt;/pre\u0026gt;\n\u0026lt;pre\u0026gt;\nContent-type: application/*+json\nUserRequestDto\n   name: string\n   email: string\n\u0026lt;/pre\u0026gt;\n{\n  \"name\": \"example\",\n  \"email\": \"example\"\n}\n","pageTitle":"Request parameters","metaDescription":"","type":"Documentation","breadcrumbs":"🏗️ SaaS Factory///AppBlueprint///API Reference","root":0,"depth":3}