{"objectID":"_api_users_me_get.html#_cy7ww_10","parent":"_api_users_me_get.html#_cy7ww_10","pageViews":0,"url":"writerside-documentation/api-users-me-get.html#-cy7ww_10","mainTitle":"/api/users/me GET","product":"","headings":"/api/users/me GET,Request parameters","content":"Request parameters: Header \u0026lt;pre\u0026gt;\nContent-type: Authorization\nnull Access token (Bearer \u0026lt;token\u0026gt;)\n\u0026lt;/pre\u0026gt;\n","pageTitle":"Request parameters","metaDescription":"","type":"Documentation","breadcrumbs":"🏗️ SaaS Factory///AppBlueprint///API Reference","root":0,"depth":3}