{"objectID":"_api_files_getfile_id_get.html#api_Files_GetFile_id_GET.md","parent":"_api_files_getfile_id_get.html#_gv98nl_11","pageViews":0,"url":"writerside-documentation/api-files-getfile-id-get.html#api_Files_GetFile_id_GET.md","mainTitle":"/api/Files/GetFile/{id} GET","product":"","headings":"/api/Files/GetFile/{id} GET","content":"GET /api/Files/GetFile/{id} ","pageTitle":"/api/Files/GetFile/{id} GET","metaDescription":"","type":"Documentation","breadcrumbs":"🏗️ SaaS Factory///AppBlueprint///API Reference","root":0,"depth":3}