{"objectID":"_api_teams_get.html#m5hqpz_10","parent":"_api_teams_get.html#m5hqpz_10","pageViews":0,"url":"writerside-documentation/api-teams-get.html#m5hqpz_10","mainTitle":"/api/teams GET","product":"","headings":"/api/teams GET,Request parameters","content":"Request parameters: Header \u0026lt;pre\u0026gt;\nContent-type: Authorization\nnull Access token (Bearer \u0026lt;token\u0026gt;)\n\u0026lt;/pre\u0026gt;\n","pageTitle":"Request parameters","metaDescription":"","type":"Documentation","breadcrumbs":"🏗️ SaaS Factory///AppBlueprint///API Reference","root":0,"depth":3}