{"objectID":"_api_authentication_resetpassword_post.html#api_Authentication_ResetPassword_POST.md","parent":"_api_authentication_resetpassword_post.html#z5jrsl4_9","pageViews":0,"url":"writerside-documentation/api-authentication-resetpassword-post.html#api_Authentication_ResetPassword_POST.md","mainTitle":"/api/Authentication/ResetPassword POST","product":"","headings":"/api/Authentication/ResetPassword POST","content":"POST /api/Authentication/ResetPassword ","pageTitle":"/api/Authentication/ResetPassword POST","metaDescription":"","type":"Documentation","breadcrumbs":"🏗️ SaaS Factory///AppBlueprint///API Reference","root":0,"depth":3}