{"objectID":"_api_authentication_setupmfa_post.html#api_Authentication_SetupMFA_POST.md","parent":"_api_authentication_setupmfa_post.html#_pcce47_11","pageViews":0,"url":"writerside-documentation/api-authentication-setupmfa-post.html#api_Authentication_SetupMFA_POST.md","mainTitle":"/api/Authentication/SetupMFA POST","product":"","headings":"/api/Authentication/SetupMFA POST","content":"POST /api/Authentication/SetupMFA ","pageTitle":"/api/Authentication/SetupMFA POST","metaDescription":"","type":"Documentation","breadcrumbs":"🏗️ SaaS Factory///AppBlueprint///API Reference","root":0,"depth":3}