{"objectID":"_api_data_exports_getdataexports_get.html#fcwdm1_10","parent":"_api_data_exports_getdataexports_get.html#fcwdm1_10","pageViews":0,"url":"writerside-documentation/api-data-exports-getdataexports-get.html#fcwdm1_10","mainTitle":"/api/data-exports/GetDataExports GET","product":"","headings":"/api/data-exports/GetDataExports GET,Request parameters","content":"Request parameters: Header \u0026lt;pre\u0026gt;\nContent-type: Authorization\nnull Access token (Bearer \u0026lt;token\u0026gt;)\n\u0026lt;/pre\u0026gt;\n","pageTitle":"Request parameters","metaDescription":"","type":"Documentation","breadcrumbs":"🏗️ SaaS Factory///AppBlueprint///API Reference","root":0,"depth":3}