{"objectID":"_api_integrations_deleteintegration_id_delete.html#api_integrations_DeleteIntegration_id_DELETE.md","parent":"_api_integrations_deleteintegration_id_delete.html#z3scvy5_11","pageViews":0,"url":"writerside-documentation/api-integrations-deleteintegration-id-delete.html#api_integrations_DeleteIntegration_id_DELETE.md","mainTitle":"/api/integrations/DeleteIntegration/{id} DELETE","product":"","headings":"/api/integrations/DeleteIntegration/{id} DELETE","content":"DELETE /api/integrations/DeleteIntegration/{id} ","pageTitle":"/api/integrations/DeleteIntegration/{id} DELETE","metaDescription":"","type":"Documentation","breadcrumbs":"🏗️ SaaS Factory///AppBlueprint///API Reference","root":0,"depth":3}