{"objectID":"_api_tenants_id_put.html#krz6b9_13","parent":"_api_tenants_id_put.html#krz6b9_12","pageViews":0,"url":"writerside-documentation/api-tenants-id-put.html#krz6b9_13","mainTitle":"/api/tenants/{id} PUT","product":"","headings":"/api/tenants/{id} PUT,Responses","content":"204 No Content 404 Not Found \u0026lt;pre\u0026gt; Content-type: application/json ProblemDetails type: string title: string status: integer int32 detail: string instance: string \u0026lt;/pre\u0026gt; {\n  \"type\": \"example\",\n  \"title\": \"example\",\n  \"status\": 96,\n  \"detail\": \"example\",\n  \"instance\": \"example\"\n}\n401 Unauthorized 403 Forbidden ","pageTitle":"Responses","metaDescription":"","type":"Documentation","breadcrumbs":"🏗️ SaaS Factory///AppBlueprint///API Reference","root":0,"depth":3}