{"objectID":"_api_authentication_register_post.html#_axiznj_10","parent":"_api_authentication_register_post.html#_axiznj_9","pageViews":0,"url":"writerside-documentation/api-authentication-register-post.html#-axiznj_10","mainTitle":"/api/Authentication/Register POST","product":"","headings":"/api/Authentication/Register POST,Responses","content":"201 Created 400 Bad Request \u0026lt;pre\u0026gt; Content-type: application/json ProblemDetails type: string title: string status: integer int32 detail: string instance: string \u0026lt;/pre\u0026gt; {\n  \"type\": \"example\",\n  \"title\": \"example\",\n  \"status\": 96,\n  \"detail\": \"example\",\n  \"instance\": \"example\"\n}\n","pageTitle":"Responses","metaDescription":"","type":"Documentation","breadcrumbs":"🏗️ SaaS Factory///AppBlueprint///API Reference","root":0,"depth":3}