{"objectID":"_api_organizations_get.html#ndbtr1_10","parent":"_api_organizations_get.html#ndbtr1_9","pageViews":0,"url":"writerside-documentation/api-organizations-get.html#ndbtr1_10","mainTitle":"/api/organizations GET","product":"","headings":"/api/organizations GET,Responses","content":"200 OK \u0026lt;pre\u0026gt; Content-type: application/json Array of OrganizationResponseDto id: integer int32 name: string teamsCount: integer int32 \u0026lt;/pre\u0026gt; [\n  {\n    \"id\": 96,\n    \"name\": \"example\",\n    \"teamsCount\": 96\n  }\n]\n401 Unauthorized 403 Forbidden ","pageTitle":"Responses","metaDescription":"","type":"Documentation","breadcrumbs":"🏗️ SaaS Factory///AppBlueprint///API Reference","root":0,"depth":3}