{"objectID":"_api_auditlogs_getauditlog_id_get.html#z5x2znz_11","parent":"_api_auditlogs_getauditlog_id_get.html#z5x2znz_11","pageViews":0,"url":"writerside-documentation/api-auditlogs-getauditlog-id-get.html#z5x2znz_11","mainTitle":"/api/AuditLogs/GetAuditLog/{id} GET","product":"","headings":"/api/AuditLogs/GetAuditLog/{id} GET,Request parameters","content":"Request parameters: Path \u0026lt;pre\u0026gt;\nContent-type: id\ninteger int32\n\u0026lt;/pre\u0026gt;\nRequest parameters: Header \u0026lt;pre\u0026gt;\nContent-type: Authorization\nnull Access token (Bearer \u0026lt;token\u0026gt;)\n\u0026lt;/pre\u0026gt;\n","pageTitle":"Request parameters","metaDescription":"","type":"Documentation","breadcrumbs":"🏗️ SaaS Factory///AppBlueprint///API Reference","root":0,"depth":3}