{"objectID":"_appblueprint_apphost_readme.html#AppBlueprint.AppHost_README.md","parent":"_appblueprint_apphost_readme.html#AppBlueprint.AppHost_README.md","pageViews":0,"url":"writerside-documentation/appblueprint-apphost-readme.html#AppBlueprint.AppHost_README.md","mainTitle":"AppBlueprint.AppHost","product":"","headings":"AppBlueprint.AppHost","content":"- .Net Aspire orchestrator for the other projects ","pageTitle":"AppBlueprint.AppHost","metaDescription":"","type":"Documentation","breadcrumbs":"🏗️ SaaS Factory///AppBlueprint///AppBlueprint.AppHost","root":0,"depth":3}