{"objectID":"_appblueprint_uikit_readme.html#standalone_components","parent":"_appblueprint_uikit_readme.html#installation","pageViews":0,"url":"writerside-documentation/appblueprint-uikit-readme.html#standalone-components","mainTitle":"AppBlueprint.UiKit module","product":"","headings":"AppBlueprint.UiKit module,Standalone components","content":"","pageTitle":"Standalone components","metaDescription":"","type":"Documentation","breadcrumbs":"🏗️ SaaS Factory///AppBlueprint///Shared-Modules///AppBlueprint.UiKit","root":0,"depth":4}