{"objectID":"_appblueprint_uikit_readme.html#ui_pages_and_components","parent":"_appblueprint_uikit_readme.html#installation","pageViews":0,"url":"writerside-documentation/appblueprint-uikit-readme.html#ui-pages-and-components","mainTitle":"AppBlueprint.UiKit module","product":"","headings":"AppBlueprint.UiKit module,UI pages and components","content":"The pages and components will serve as blueprints to implement most SaaS apps with a dashboard, customers, and products and custom functionality using standalone components. The components that are showcased in the pages can be used in other pages or components. The blueprint template inspiration is taken from Cruip.com Mosaic VueJs + Tailwind CSS template and implemented using Blazor Server with MudBlazor customizable UI components that use Material Design principles and Tailwind CSS. The template will be uploaded to Mudblazor/Templates as a reusable template for other developers to use freely as a contribution to the Mudblazor community.\n","pageTitle":"UI pages and components","metaDescription":"","type":"Documentation","breadcrumbs":"🏗️ SaaS Factory///AppBlueprint///Shared-Modules///AppBlueprint.UiKit","root":0,"depth":4}