{"objectID":"_appblueprint_readme.html#directory_build","parent":"_appblueprint_readme.html#directory_packages","pageViews":0,"url":"writerside-documentation/appblueprint-readme.html#directory-build","mainTitle":"Base runtime image","product":"","headings":"Base runtime image,Directory.Build","content":"Location: Code/AppBlueprint/Directory.Build.props\n\u0026lt;!-- This file is used to define the common properties for all projects in the solution --\u0026gt;\n\u0026lt;Project\u0026gt;\n    \u0026lt;PropertyGroup\u0026gt;\n        \n        \u0026lt;Targetframework\u0026gt;net9.0\u0026lt;/Targetframework\u0026gt;\n        \u0026lt;ImplicitUsings\u0026gt;enable\u0026lt;/ImplicitUsings\u0026gt;\n        \u0026lt;Nullable\u0026gt;enable\u0026lt;/Nullable\u0026gt;\n\n        \u0026lt;!-- Enable source code analysis using sonar nuget package --\u0026gt;\n        \u0026lt;AnalysisLevel\u0026gt;latest\u0026lt;/AnalysisLevel\u0026gt;\n        \u0026lt;AnalysisMode\u0026gt;All\u0026lt;/AnalysisMode\u0026gt;\n        \u0026lt;TreatWarningsAsErrors\u0026gt;false\u0026lt;/TreatWarningsAsErrors\u0026gt;\n        \u0026lt;CodeAnalysisTreatWarningsAsErrors\u0026gt;false\u0026lt;/CodeAnalysisTreatWarningsAsErrors\u0026gt;\n        \u0026lt;EnforceCodeStyleInBuild\u0026gt;false\u0026lt;/EnforceCodeStyleInBuild\u0026gt;\n        \n        \u0026lt;!-- Enable packaging the shared projects to Nuget package files --\u0026gt;        \n        \u0026lt;IsPackable\u0026gt;true\u0026lt;/IsPackable\u0026gt;\n        \u0026lt;GeneratePackageOnBuild\u0026gt;true\u0026lt;/GeneratePackageOnBuild\u0026gt;\n        \u0026lt;GeneratePackage\u0026gt;true\u0026lt;/GeneratePackage\u0026gt;                \n        \u0026lt;Authors\u0026gt;Casper Rubæk\u0026lt;/Authors\u0026gt;\n        \u0026lt;Company\u0026gt;SaaS Factory\u0026lt;/Company\u0026gt;\n        \u0026lt;Copyright\u0026gt;© SaaaS Factory\u0026lt;/Copyright\u0026gt;\n        \u0026lt;Description\u0026gt;Shared .nuget packages for Appblueprint template from Shared-Modules folder\u0026lt;/Description\u0026gt;        \n        \u0026lt;RepositoryUrl\u0026gt;https://github.com/Trubador/SaaS-Factory\u0026lt;/RepositoryUrl\u0026gt;\n        \u0026lt;RepositoryType\u0026gt;git\u0026lt;/RepositoryType\u0026gt;        \n    \u0026lt;/PropertyGroup\u0026gt;\n\n    \u0026lt;!-- Enable source code analysis using sonar nuget package across all projects except docker projects eg. .dcproj --\u0026gt;\n    \u0026lt;ItemGroup Condition\u003d\"\u0027$(MSBuildProjectExtension)\u0027 !\u003d \u0027.dcproj\u0027\"\u0026gt;\n\u0026lt;!--        Version\u003d\"*\"--\u0026gt;\n\u0026lt;!--        \u0026lt;PackageReference Include\u003d\"SonarAnalyzer.CSharp\" \u0026gt;--\u0026gt;\n\u0026lt;!--            \u0026lt;PrivateAssets\u0026gt;all\u0026lt;/PrivateAssets\u0026gt;--\u0026gt;\n\u0026lt;!--            \u0026lt;IncludeAssets\u0026gt;--\u0026gt;\n\u0026lt;!--                runtime; build; native; contentfiles; analyzers; buildtransitive--\u0026gt;\n\u0026lt;!--            \u0026lt;/IncludeAssets\u0026gt;--\u0026gt;\n\u0026lt;!--        \u0026lt;/PackageReference\u0026gt;--\u0026gt;\n    \u0026lt;/ItemGroup\u0026gt;\n\n\u0026lt;/Project\u0026gt;\n","pageTitle":"Directory.Build","metaDescription":"","type":"Documentation","breadcrumbs":"Code///AppBlueprint","root":0,"depth":2}