{"objectID":"_appblueprint_uikit_readme.html#invoices_razor","parent":"_appblueprint_uikit_readme.html#installation","pageViews":0,"url":"writerside-documentation/appblueprint-uikit-readme.html#invoices-razor","mainTitle":"AppBlueprint.UiKit module","product":"","headings":"AppBlueprint.UiKit module,- Invoices.razor","content":"- Datagrid (interactive table with search, sort, pagination) - Mudchip (selection tags) ","pageTitle":"- Invoices.razor","metaDescription":"","type":"Documentation","breadcrumbs":"🏗️ SaaS Factory///AppBlueprint///Shared-Modules///AppBlueprint.UiKit","root":0,"depth":4}