{"objectID":"_appblueprint_uikit_readme.html#dashboard_razor","parent":"_appblueprint_uikit_readme.html#installation","pageViews":0,"url":"writerside-documentation/appblueprint-uikit-readme.html#dashboard-razor","mainTitle":"AppBlueprint.UiKit module","product":"","headings":"AppBlueprint.UiKit module,- Dashboard.razor","content":"- Charts - Cards ","pageTitle":"- Dashboard.razor","metaDescription":"","type":"Documentation","breadcrumbs":"🏗️ SaaS Factory///AppBlueprint///Shared-Modules///AppBlueprint.UiKit","root":0,"depth":4}