{"objectID":"_appblueprint_uikit_readme.html#navigation_menu_navmenu_razor","parent":"_appblueprint_uikit_readme.html#installation","pageViews":0,"url":"writerside-documentation/appblueprint-uikit-readme.html#navigation-menu-navmenu-razor","mainTitle":"AppBlueprint.UiKit module","product":"","headings":"AppBlueprint.UiKit module,- Navigation Menu - Navmenu.razor","content":"- Sidebar menu - Logo - Group navigation links - Standalone navigation links ","pageTitle":"- Navigation Menu - Navmenu.razor","metaDescription":"","type":"Documentation","breadcrumbs":"🏗️ SaaS Factory///AppBlueprint///Shared-Modules///AppBlueprint.UiKit","root":0,"depth":4}