{"objectID":"_appblueprint_servicedefaults_readme.html#AppBlueprint.ServiceDefaults_README.md","parent":"_appblueprint_servicedefaults_readme.html#AppBlueprint.ServiceDefaults_README.md","pageViews":0,"url":"writerside-documentation/appblueprint-servicedefaults-readme.html#AppBlueprint.ServiceDefaults_README.md","mainTitle":"AppBlueprint.ServiceDefaults","product":"","headings":"AppBlueprint.ServiceDefaults","content":"Default setup and extensions for Aspire projects\n- Open Telemetry - Health Checks - Service Discovery ","pageTitle":"AppBlueprint.ServiceDefaults","metaDescription":"","type":"Documentation","breadcrumbs":"🏗️ SaaS Factory///AppBlueprint///AppBlueprint.ServiceDefaults","root":0,"depth":3}