{"objectID":"_appblueprint_baseline_domain_security_readme.html#AppBlueprint.Baseline.Domain.Security_README.md","parent":"_appblueprint_baseline_domain_security_readme.html#AppBlueprint.Baseline.Domain.Security_README.md","pageViews":0,"url":"writerside-documentation/appblueprint-baseline-domain-security-readme.html#AppBlueprint.Baseline.Domain.Security_README.md","mainTitle":"Security","product":"","headings":"Security","content":"","pageTitle":"Security","metaDescription":"","type":"Documentation","breadcrumbs":"🏗️ SaaS Factory///AppBlueprint///Shared-Modules///AppBlueprint.Baseline.Domain.Security","root":0,"depth":4}