{"objectID":"_appblueprint_baseline_core_readme.html#AppBlueprint.Baseline.Core_README.md","parent":"_appblueprint_baseline_core_readme.html#AppBlueprint.Baseline.Core_README.md","pageViews":0,"url":"writerside-documentation/appblueprint-baseline-core-readme.html#AppBlueprint.Baseline.Core_README.md","mainTitle":"AppBlueprint.Baseline.Core","product":"","headings":"AppBlueprint.Baseline.Core","content":"Contains business logic Defines the Use Cases Application services CQRS with MediatR\n","pageTitle":"AppBlueprint.Baseline.Core","metaDescription":"","type":"Documentation","breadcrumbs":"🏗️ SaaS Factory///AppBlueprint///Shared-Modules///AppBlueprint.Baseline.Core","root":0,"depth":4}