{"objectID":"_appblueprint_uikit_readme.html#customers_razor","parent":"_appblueprint_uikit_readme.html#installation","pageViews":0,"url":"writerside-documentation/appblueprint-uikit-readme.html#customers-razor","mainTitle":"AppBlueprint.UiKit module","product":"","headings":"AppBlueprint.UiKit module,- Customers.razor","content":"- Datagrid (interactive table with search, sort, pagination) ","pageTitle":"- Customers.razor","metaDescription":"","type":"Documentation","breadcrumbs":"🏗️ SaaS Factory///AppBlueprint///Shared-Modules///AppBlueprint.UiKit","root":0,"depth":4}