{"objectID":"_appblueprint_presentation_apimodule_readme.html#AppBlueprint.Presentation.ApiModule_README.md","parent":"_appblueprint_presentation_apimodule_readme.html#AppBlueprint.Presentation.ApiModule_README.md","pageViews":0,"url":"writerside-documentation/appblueprint-presentation-apimodule-readme.html#AppBlueprint.Presentation.ApiModule_README.md","mainTitle":"ApiModule","product":"","headings":"ApiModule","content":"Defines the entry point to the system REST API built with .NET 9 API endpoints Middleware DI setup\nWeb API, .NET 9 Controllers Middleware DI setup Docker Compose\n","pageTitle":"ApiModule","metaDescription":"","type":"Documentation","breadcrumbs":"🏗️ SaaS Factory///AppBlueprint///Shared-Modules///AppBlueprint.Presentation.ApiModule","root":0,"depth":4}