{"objectID":"_appblueprint_apiservice_readme.html#AppBlueprint.ApiService_README.md","parent":"_appblueprint_apiservice_readme.html#AppBlueprint.ApiService_README.md","pageViews":0,"url":"writerside-documentation/appblueprint-apiservice-readme.html#AppBlueprint.ApiService_README.md","mainTitle":"AppBlueprint.ApiService","product":"","headings":"AppBlueprint.ApiService","content":"- Rest API for customer management portal, partner portal and customer portal ","pageTitle":"AppBlueprint.ApiService","metaDescription":"","type":"Documentation","breadcrumbs":"🏗️ SaaS Factory///AppBlueprint///AppBlueprint.ApiService","root":0,"depth":3}