{"objectID":"_appblueprint_infrastructure_readme.html#AppBlueprint.Infrastructure_README.md","parent":"_appblueprint_infrastructure_readme.html#AppBlueprint.Infrastructure_README.md","pageViews":0,"url":"writerside-documentation/appblueprint-infrastructure-readme.html#AppBlueprint.Infrastructure_README.md","mainTitle":"AppBlueprint.Infrastructure","product":"","headings":"AppBlueprint.Infrastructure","content":"- Data Context (EF Core code-first) - Repositories - Data Seeding - Data Migrations - Caching - Databases (PostgreSQL, SQL Server, NoSQL, Redis) - File/Object storage, eg. Azure Blob storage External systems Databases Messaging Email providers Storage services Identity System clock\nEF Core DbContext Entity configurations Repositories Optimistic concurrency Publishing Domain events\ndotnet-ef dbcontext info --context \u0026quot;ApplicationDBContext\u0026quot; dotnet ef migrations add InitialMigration --context ApplicationDBContext dotnet ef database update --context ApplicationDBContext --verbose\n","pageTitle":"AppBlueprint.Infrastructure","metaDescription":"","type":"Documentation","breadcrumbs":"🏗️ SaaS Factory///AppBlueprint///Shared-Modules///AppBlueprint.Infrastructure","root":0,"depth":4}