{"objectID":"_appblueprint_baseline_application_readme.html#AppBlueprint.Baseline.Application_README.md","parent":"_appblueprint_baseline_application_readme.html#AppBlueprint.Baseline.Application_README.md","pageViews":0,"url":"writerside-documentation/appblueprint-baseline-application-readme.html#AppBlueprint.Baseline.Application_README.md","mainTitle":"Appblueprint.Application module","product":"","headings":"Appblueprint.Application module","content":"- Entities - Value objects - Domain events - Domain services - Interfaces - Exceptions - Enums - Abstractions/Contracts - Services/Handlers - Models (DTOs) - Mappers - Validators - Behaviours - Specifications Contains business logic Defines the Use Cases Application services CQRS with MediatR\nUse cases \u003d CQRS + MediatR Cross-cutting concerns Logging Validation Exceptions DI configuration\n","pageTitle":"Appblueprint.Application module","metaDescription":"","type":"Documentation","breadcrumbs":"🏗️ SaaS Factory///AppBlueprint///Shared-Modules///AppBlueprint.Baseline.Application","root":0,"depth":4}