{"objectID":"_appblueprint_baseline_domain_auditing_readme.html#AppBlueprint.Baseline.Domain.Auditing_README.md","parent":"_appblueprint_baseline_domain_auditing_readme.html#AppBlueprint.Baseline.Domain.Auditing_README.md","pageViews":0,"url":"writerside-documentation/appblueprint-baseline-domain-auditing-readme.html#AppBlueprint.Baseline.Domain.Auditing_README.md","mainTitle":"Auditing","product":"","headings":"Auditing","content":"","pageTitle":"Auditing","metaDescription":"","type":"Documentation","breadcrumbs":"🏗️ SaaS Factory///AppBlueprint///Shared-Modules///AppBlueprint.Baseline.Domain.Auditing","root":0,"depth":4}