{"objectID":"_appblueprint_uikit_readme.html#installation","parent":"_appblueprint_uikit_readme.html#installation","pageViews":0,"url":"writerside-documentation/appblueprint-uikit-readme.html#installation","mainTitle":"AppBlueprint.UiKit module","product":"","headings":"AppBlueprint.UiKit module,Installation","content":"2. Ensure the web project that the nuget package is being added to is of the same .net version or above the one used in Appblueprint.UiKit library as specified in the .csproj file\n\u0026lt;TargetFramework\u0026gt;net9.0\u0026lt;/TargetFramework\u0026gt;\n4. Remove Components/Mainlayout.css such that it does interefere with the Ui Kit styling\n6. Remove wwwroot/bootstrap folder\n8. Remove wwwroot/App.css such that it does interefere with the Ui Kit styling\n10. Update the Mudblazor nuget package in the web project to the same as the one in the UI kit - currently\n\u0026lt;PackageReference Include\u003d\"mudblazor\" Version\u003d\"7.15.0\" /\u0026gt;\n12. Add the UI Kit nuget package\n\u0026lt;PackageReference Include\u003d\"SaaS-Factory.AppBlueprint.UiKit\" Version\u003d\"1.0.1\"/\u0026gt;\n14. Run dotnet restore in the web project\ndotnet restore\n16. Add the using statement to include the UiKit inside Mainlayout.razor\n@using AppBlueprint.UiKit.Components\n18. Ensure Mainlayout.razor looks similar to this\n@inherits LayoutComponentBase\n\u0026lt;MudThemeProvider /\u0026gt;\n\u0026lt;MudPopoverProvider /\u0026gt;\n\u0026lt;MudDialogProvider /\u0026gt;\n\u0026lt;MudSnackbarProvider /\u0026gt;\n\n@using AppBlueprint.UiKit.Components\n\n\u0026lt;div class\u003d\"page\"\u0026gt;\n    \u0026lt;div class\u003d\"sidebar\"\u0026gt;\n        \u0026lt;NavigationMenu\u0026gt;\u0026lt;/NavigationMenu\u0026gt;\n    \u0026lt;/div\u0026gt;\n\n    \u0026lt;main\u0026gt;\n        \u0026lt;article class\u003d\"content px-4\"\u0026gt;\n            @Body\n        \u0026lt;/article\u0026gt;\n    \u0026lt;/main\u0026gt;\n\u0026lt;/div\u0026gt;\n\n\u0026lt;div id\u003d\"blazor-error-ui\"\u0026gt;\n    An unhandled error has occurred.\n    \u0026lt;a href\u003d\"\" class\u003d\"reload\"\u0026gt;Reload\u0026lt;/a\u0026gt;\n    \u0026lt;a class\u003d\"dismiss\"\u0026gt;🗙\u0026lt;/a\u0026gt;\n\u0026lt;/div\u0026gt;\n","pageTitle":"Installation","metaDescription":"","type":"Documentation","breadcrumbs":"🏗️ SaaS Factory///AppBlueprint///Shared-Modules///AppBlueprint.UiKit","root":0,"depth":4}