{"objectID":"_appblueprint_sharedkernel_readme.html#AppBlueprint.SharedKernel_README.md","parent":"_appblueprint_sharedkernel_readme.html#AppBlueprint.SharedKernel_README.md","pageViews":0,"url":"writerside-documentation/appblueprint-sharedkernel-readme.html#AppBlueprint.SharedKernel_README.md","mainTitle":"SharedKernel","product":"","headings":"SharedKernel","content":"http://localhost/console/data/saas-template-dev-db/schema/public/tables/Country/browse\nhttp://localhost:8001/api/v1/namespaces/kubernetes-dashboard/services/https:kubernetes-dashboard:/proxy/#/login\nhttps://www.hostinger.dk/?ppc_campaign\u003dgoogle_search_brand\u0026amp;bidkw\u003dhostinger\u0026amp;gad_source\u003d1\u0026amp;gclid\u003dCjwKCAiAgeeqBhBAEiwAoDDhnxNJ3s5lXJ6VjkeRQr4W3EteEFT0Vol1F5Arjlvvy8PGZ7XETCh-wBoCPQgQAvD_BwE\nhttps://www.youtube.com/watch?v\u003dY8qDjZPMvzI\u0026amp;list\u003dPLb3u2COZqWYOhgvhdUwizS0yJoYlzjQ3R\u0026amp;index\u003d5\u0026amp;ab_channel\u003dPsychologyRefresh\nhttps://www.courses.milanjovanovic.tech/courses/pragmatic-clean-architecture/lectures/48428084\nhttps://www.courses.milanjovanovic.tech/courses/pragmatic-clean-architecture/lectures/48428081\nhttps://www.youtube.com/shorts/Z2Ys4eysjmY\nhttps://www.courses.milanjovanovic.tech/courses/pragmatic-clean-architecture/lectures/48451455\nhttps://www.courses.milanjovanovic.tech/courses/pragmatic-clean-architecture/lectures/48367486\nhttps://www.courses.milanjovanovic.tech/courses/pragmatic-clean-architecture/lectures/48428081\nhttps://www.youtube.com/watch?v\u003dgEJ7jx1-oOQ\u0026amp;ab_channel\u003dLifeyHealth\n","pageTitle":"SharedKernel","metaDescription":"","type":"Documentation","breadcrumbs":"🏗️ SaaS Factory///AppBlueprint///Shared-Modules///AppBlueprint.SharedKernel","root":0,"depth":4}