{"objectID":"_appblueprint_web_readme.html#AppBlueprint.Web_README.md","parent":"_appblueprint_web_readme.html#AppBlueprint.Web_README.md","pageViews":0,"url":"writerside-documentation/appblueprint-web-readme.html#AppBlueprint.Web_README.md","mainTitle":"AppBlueprint.Web","product":"","headings":"AppBlueprint.Web","content":"Customer, partner and customer management portal web app.\n- Mudblazor (tailwind css material design) - Blazor hosted Web app - Signal R https://learn.microsoft.com/en-us/aspnet/core/blazor/fundamentals/routing?view\u003daspnetcore-9.0#static-routing\n","pageTitle":"AppBlueprint.Web","metaDescription":"","type":"Documentation","breadcrumbs":"🏗️ SaaS Factory///AppBlueprint///AppBlueprint.Web","root":0,"depth":3}