{"objectID":"_appblueprint_uikit_readme.html#AppBlueprint.UiKit_README.md","parent":"_appblueprint_uikit_readme.html#installation","pageViews":0,"url":"writerside-documentation/appblueprint-uikit-readme.html#AppBlueprint.UiKit_README.md","mainTitle":"AppBlueprint.UiKit module","product":"","headings":"AppBlueprint.UiKit module","content":"","pageTitle":"AppBlueprint.UiKit module","metaDescription":"","type":"Documentation","breadcrumbs":"🏗️ SaaS Factory///AppBlueprint///Shared-Modules///AppBlueprint.UiKit","root":0,"depth":4}