{"objectID":"_appblueprint_architecturetests_readme.html#AppBlueprint.ArchitectureTests_README.md","parent":"_appblueprint_architecturetests_readme.html#AppBlueprint.ArchitectureTests_README.md","pageViews":0,"url":"writerside-documentation/appblueprint-architecturetests-readme.html#AppBlueprint.ArchitectureTests_README.md","mainTitle":"AppBlueprint.ArchitectureTests","product":"","headings":"AppBlueprint.ArchitectureTests","content":"","pageTitle":"AppBlueprint.ArchitectureTests","metaDescription":"","type":"Documentation","breadcrumbs":"🏗️ SaaS Factory///AppBlueprint///AppBlueprint.ArchitectureTests","root":0,"depth":3}