{"objectID":"_appblueprint_baseline_domain_integrations_readme.html#AppBlueprint.Baseline.Domain.Integrations_README.md","parent":"_appblueprint_baseline_domain_integrations_readme.html#AppBlueprint.Baseline.Domain.Integrations_README.md","pageViews":0,"url":"writerside-documentation/appblueprint-baseline-domain-integrations-readme.html#AppBlueprint.Baseline.Domain.Integrations_README.md","mainTitle":"Integrations","product":"","headings":"Integrations","content":"","pageTitle":"Integrations","metaDescription":"","type":"Documentation","breadcrumbs":"🏗️ SaaS Factory///AppBlueprint///Shared-Modules///AppBlueprint.Baseline.Domain.Integrations","root":0,"depth":4}