{"objectID":"_appblueprint_readme.html#directory_packages","parent":"_appblueprint_readme.html#directory_packages","pageViews":0,"url":"writerside-documentation/appblueprint-readme.html#directory-packages","mainTitle":"Base runtime image","product":"","headings":"Base runtime image,Directory.Packages","content":"Central package management for all C# projects. The package is referenced in each C# project\u0027 .csproj file without a version which is sourced from the Directory.Packages.props file:\n\u0026lt;PackageReference Include\u003d\"Microsoft.EntityFrameworkCore\" /\u0026gt;\nLocation: Code/AppBlueprint/Directory.Packages.props\n\u0026lt;!-- This file is used to centrally define the versions of the packages used in the project --\u0026gt;\n\u0026lt;Project\u0026gt;\n    \u0026lt;PropertyGroup\u0026gt;\n        \u0026lt;ManagePackageVersionsCentrally\u0026gt;true\u0026lt;/ManagePackageVersionsCentrally\u0026gt;\n    \u0026lt;/PropertyGroup\u0026gt;\n\n    \u0026lt;!-- Entity Framework Core and Database Providers --\u0026gt;\n    \u0026lt;ItemGroup\u0026gt;\n        \u0026lt;PackageVersion Include\u003d\"Microsoft.EntityFrameworkCore\" Version\u003d\"9.0.1\" /\u0026gt;\n        \u0026lt;PackageVersion Include\u003d\"Microsoft.EntityFrameworkCore.Relational\" Version\u003d\"9.0.1\" /\u0026gt;\n        \u0026lt;PackageVersion Include\u003d\"Microsoft.EntityFrameworkCore.Design\" Version\u003d\"9.0.1\"\u0026gt;\n            \u0026lt;IncludeAssets\u0026gt;runtime; build; native; contentfiles; analyzers; buildtransitive\u0026lt;/IncludeAssets\u0026gt;\n            \u0026lt;PrivateAssets\u0026gt;all\u0026lt;/PrivateAssets\u0026gt;\n        \u0026lt;/PackageVersion\u0026gt;\n        \u0026lt;PackageVersion Include\u003d\"Npgsql\" Version\u003d\"9.0.2\" /\u0026gt;\n        \u0026lt;PackageVersion Include\u003d\"Npgsql.EntityFrameworkCore.PostgreSQL\" Version\u003d\"9.0.3\" /\u0026gt;\n        \u0026lt;PackageVersion Include\u003d\"AspNetCore.HealthChecks.NpgSql\" Version\u003d\"9.0.0\" /\u0026gt;\n    \u0026lt;/ItemGroup\u0026gt;\n\n    \u0026lt;!-- Configuration and Compliance --\u0026gt;\n    \u0026lt;ItemGroup\u0026gt;\n        \u0026lt;PackageVersion Include\u003d\"Microsoft.VisualStudio.Azure.Containers.Tools.Targets\" Version\u003d\"1.21.0\" /\u0026gt;\n        \u0026lt;PackageVersion Include\u003d\"Microsoft.Extensions.Http.Resilience\" Version\u003d\"9.1.0\" /\u0026gt;\n        \u0026lt;PackageVersion Include\u003d\"Microsoft.Extensions.ServiceDiscovery\" Version\u003d\"9.0.0\" /\u0026gt;\n        \u0026lt;PackageVersion Include\u003d\"Microsoft.Extensions.Http.Resiliency\" Version\u003d\"9.1.0\" /\u0026gt;\n        \u0026lt;PackageVersion Include\u003d\"Microsoft.Extensions.Hosting\" Version\u003d\"9.0.1\" /\u0026gt;\n        \u0026lt;PackageVersion Include\u003d\"Microsoft.Extensions.Configuration\" Version\u003d\"9.0.1\" /\u0026gt;\n        \u0026lt;PackageVersion Include\u003d\"Microsoft.Extensions.Configuration.Abstractions\" Version\u003d\"9.0.1\" /\u0026gt;\n        \u0026lt;PackageVersion Include\u003d\"Microsoft.Extensions.Configuration.UserSecrets\" Version\u003d\"9.0.1\" /\u0026gt;\n        \u0026lt;PackageVersion Include\u003d\"Microsoft.Extensions.Compliance.Abstractions\" Version\u003d\"9.1.0\" /\u0026gt;\n        \u0026lt;PackageVersion Include\u003d\"Microsoft.Extensions.Compliance.Redaction\" Version\u003d\"9.1.0\" /\u0026gt;\n        \u0026lt;PackageVersion Include\u003d\"Microsoft.Extensions.Compliance.Testing\" Version\u003d\"9.1.0\" /\u0026gt;\n    \u0026lt;/ItemGroup\u0026gt;\n\n    \u0026lt;!-- ASP.NET Core and Middleware --\u0026gt;\n    \u0026lt;ItemGroup\u0026gt;\n        \u0026lt;PackageVersion Include\u003d\"Microsoft.AspNetCore.Authentication.JwtBearer\" Version\u003d\"9.0.1\" /\u0026gt;\n        \u0026lt;PackageVersion Include\u003d\"Microsoft.IdentityModel.Tokens\" Version\u003d\"8.3.1\" /\u0026gt;\n        \u0026lt;PackageVersion Include\u003d\"System.IdentityModel.Tokens.Jwt\" Version\u003d\"8.3.1\" /\u0026gt;\n        \u0026lt;PackageVersion Include\u003d\"Microsoft.AspNetCore.Authorization\" Version\u003d\"9.0.0\" /\u0026gt;\n        \u0026lt;PackageVersion Include\u003d\"Microsoft.AspNetCore.DataProtection\" Version\u003d\"9.0.1\" /\u0026gt;\n        \u0026lt;PackageVersion Include\u003d\"Microsoft.AspNetCore.DataProtection.Abstractions\" Version\u003d\"9.0.1\" /\u0026gt;\n        \u0026lt;PackageVersion Include\u003d\"Microsoft.AspNetCore.OpenApi\" Version\u003d\"9.0.0\" /\u0026gt;\n        \u0026lt;PackageVersion Include\u003d\"Microsoft.AspNetCore.Components.Web\" Version\u003d\"9.0.1\" /\u0026gt;\n        \u0026lt;PackageVersion Include\u003d\"Microsoft.AspNetCore.App\" Version\u003d\"2.2.8\" /\u0026gt;\n    \u0026lt;/ItemGroup\u0026gt;\n\n    \u0026lt;!-- OpenTelemetry Dependencies --\u0026gt;\n    \u0026lt;ItemGroup\u0026gt;\n        \u0026lt;PackageVersion Include\u003d\"OpenTelemetry.Exporter.OpenTelemetryProtocol\" Version\u003d\"1.11.1\" /\u0026gt;\n        \u0026lt;PackageVersion Include\u003d\"OpenTelemetry.Extensions.Hosting\" Version\u003d\"1.11.1\" /\u0026gt;\n        \u0026lt;PackageVersion Include\u003d\"OpenTelemetry.Instrumentation.AspNetCore\" Version\u003d\"1.11.0\" /\u0026gt;\n        \u0026lt;PackageVersion Include\u003d\"OpenTelemetry.Instrumentation.Http\" Version\u003d\"1.11.0\" /\u0026gt;\n        \u0026lt;PackageVersion Include\u003d\"OpenTelemetry.Instrumentation.Runtime\" Version\u003d\"1.11.0\" /\u0026gt;\n    \u0026lt;/ItemGroup\u0026gt;\n\n    \u0026lt;!-- Swashbuckle and OpenAPI --\u0026gt;\n    \u0026lt;ItemGroup\u0026gt;\n        \u0026lt;PackageVersion Include\u003d\"Swashbuckle.AspNetCore\" Version\u003d\"7.2.0\" /\u0026gt;\n        \u0026lt;PackageVersion Include\u003d\"Swashbuckle.AspNetCore.Filters\" Version\u003d\"8.0.2\" /\u0026gt;\n        \u0026lt;PackageVersion Include\u003d\"Swashbuckle.AspNetCore.SwaggerGen\" Version\u003d\"7.2.0\" /\u0026gt;\n        \u0026lt;PackageVersion Include\u003d\"Swashbuckle.AspNetCore.SwaggerUI\" Version\u003d\"7.2.0\" /\u0026gt;\n        \u0026lt;PackageVersion Include\u003d\"Microsoft.OpenApi\" Version\u003d\"1.6.22\" /\u0026gt;\n        \u0026lt;PackageVersion Include\u003d\"Microsoft.OpenApi.Readers\" Version\u003d\"2.0.0-preview5\" /\u0026gt;\n    \u0026lt;/ItemGroup\u0026gt;\n\n    \u0026lt;!-- Strawberry Shake (GraphQL) --\u0026gt;\n    \u0026lt;ItemGroup\u0026gt;\n        \u0026lt;PackageVersion Include\u003d\"StrawberryShake\" Version\u003d\"14.3.0\" /\u0026gt;\n        \u0026lt;PackageVersion Include\u003d\"StrawberryShake.Transport.Http\" Version\u003d\"14.3.0\" /\u0026gt;\n        \u0026lt;PackageVersion Include\u003d\"StrawberryShake.Transport.WebSockets\" Version\u003d\"14.3.0\" /\u0026gt;\n    \u0026lt;/ItemGroup\u0026gt;\n\n    \u0026lt;!-- MudBlazor and UI Components --\u0026gt;\n    \u0026lt;ItemGroup\u0026gt;\n        \u0026lt;PackageVersion Include\u003d\"MudBlazor\" Version\u003d\"8.2.0\" /\u0026gt;\n        \u0026lt;PackageVersion Include\u003d\"MudBlazor.ThemeManager\" Version\u003d\"3.0.0\" /\u0026gt;\n    \u0026lt;/ItemGroup\u0026gt;\n\n    \u0026lt;!-- Health Checks --\u0026gt;\n    \u0026lt;ItemGroup\u0026gt;\n        \u0026lt;PackageVersion Include\u003d\"AspNetCore.HealthChecks.UI.Client\" Version\u003d\"9.0.0\" /\u0026gt;\n        \u0026lt;PackageVersion Include\u003d\"AspNetCore.HealthChecks.Redis\" Version\u003d\"9.0.0\" /\u0026gt;\n        \u0026lt;PackageVersion Include\u003d\"AspNetCore.HealthChecks.Uris\" Version\u003d\"9.0.0\" /\u0026gt;\n    \u0026lt;/ItemGroup\u0026gt;\n\n    \u0026lt;!-- Testing Dependencies --\u0026gt;\n    \u0026lt;ItemGroup\u0026gt;\n        \u0026lt;PackageVersion Include\u003d\"Testcontainers.PostgreSql\" Version\u003d\"4.1.0\" /\u0026gt;\n        \u0026lt;PackageVersion Include\u003d\"Testcontainers\" Version\u003d\"4.1.0\" /\u0026gt;\n        \u0026lt;PackageVersion Include\u003d\"TestContainers.Container.Abstractions\" Version\u003d\"1.5.4\" /\u0026gt;\n        \u0026lt;PackageVersion Include\u003d\"xunit\" Version\u003d\"2.9.3\" /\u0026gt;\n        \u0026lt;PackageVersion Include\u003d\"xunit.runner.visualstudio\" Version\u003d\"3.0.1\"\u0026gt;\n            \u0026lt;PrivateAssets\u0026gt;all\u0026lt;/PrivateAssets\u0026gt;\n            \u0026lt;IncludeAssets\u0026gt;runtime; build; native; contentfiles; analyzers; buildtransitive\u0026lt;/IncludeAssets\u0026gt;\n        \u0026lt;/PackageVersion\u0026gt;\n        \u0026lt;PackageVersion Include\u003d\"coverlet.collector\" Version\u003d\"6.0.3\"\u0026gt;\n            \u0026lt;PrivateAssets\u0026gt;all\u0026lt;/PrivateAssets\u0026gt;\n            \u0026lt;IncludeAssets\u0026gt;runtime; build; native; contentfiles; analyzers; buildtransitive\u0026lt;/IncludeAssets\u0026gt;\n        \u0026lt;/PackageVersion\u0026gt;\n        \u0026lt;PackageVersion Include\u003d\"Microsoft.NET.Test.Sdk\" Version\u003d\"17.12.0\" /\u0026gt;\n        \u0026lt;PackageVersion Include\u003d\"TUnit\" Version\u003d\"0.6.89\" /\u0026gt;\n        \u0026lt;PackageVersion Include\u003d\"TUnit.Assertions\" Version\u003d\"0.6.89\" /\u0026gt;\n    \u0026lt;/ItemGroup\u0026gt;\n\n    \u0026lt;!-- Miscellaneous Dependencies --\u0026gt;\n    \u0026lt;ItemGroup\u0026gt;\n        \u0026lt;PackageVersion Include\u003d\"FluentValidation\" Version\u003d\"11.11.0\" /\u0026gt;\n        \u0026lt;PackageVersion Include\u003d\"AutoBogus\" Version\u003d\"2.13.1\" /\u0026gt;\n        \u0026lt;PackageVersion Include\u003d\"Bogus\" Version\u003d\"35.6.1\" /\u0026gt;\n        \u0026lt;PackageVersion Include\u003d\"Newtonsoft.Json\" Version\u003d\"13.0.3\" /\u0026gt;\n        \u0026lt;PackageVersion Include\u003d\"System.Text.Json\" Version\u003d\"9.0.1\" /\u0026gt;\n        \u0026lt;PackageVersion Include\u003d\"Serilog\" Version\u003d\"4.2.0\" /\u0026gt;\n        \u0026lt;PackageVersion Include\u003d\"Stripe.net\" Version\u003d\"47.2.0\" /\u0026gt;\n        \u0026lt;PackageVersion Include\u003d\"Spectre.Console\" Version\u003d\"0.49.1\" /\u0026gt;\n        \u0026lt;PackageVersion Include\u003d\"FigletFontArt\" Version\u003d\"1.0.0\" /\u0026gt;\n        \u0026lt;PackageVersion Include\u003d\"Scalar.AspNetCore\" Version\u003d\"1.2.75\" /\u0026gt;\n        \u0026lt;PackageVersion Include\u003d\"System.CommandLine\" Version\u003d\"2.0.0-beta4.22272.1\" /\u0026gt;\n        \u0026lt;PackageVersion Include\u003d\"System.CommandLine.NamingConventionBinder\" Version\u003d\"2.0.0-beta4.22272.1\" /\u0026gt;\n        \u0026lt;PackageVersion Include\u003d\"System.Configuration.ConfigurationManager\" Version\u003d\"9.0.0\" /\u0026gt;\n        \u0026lt;PackageVersion Include\u003d\"NetArchTest.Rules\" Version\u003d\"1.3.2\" /\u0026gt;\n        \u0026lt;PackageVersion Include\u003d\"JetBrains.Annotations\" Version\u003d\"2024.3.0\" /\u0026gt;\n        \u0026lt;PackageVersion Include\u003d\"Karambolo.PO\" Version\u003d\"1.11.1\" /\u0026gt;\n        \u0026lt;PackageVersion Include\u003d\"MongoDB.Driver.Core\" Version\u003d\"2.30.0\" /\u0026gt;\n        \u0026lt;PackageVersion Include\u003d\"Yarp.ReverseProxy\" Version\u003d\"2.2.0\" /\u0026gt;\n    \u0026lt;/ItemGroup\u0026gt;\n\n    \u0026lt;!-- Application Hosting --\u0026gt;\n","pageTitle":"Directory.Packages","metaDescription":"","type":"Documentation","breadcrumbs":"Code///AppBlueprint","root":0,"depth":2}