{"objectID":"_appproject_updateappproject_id_put.html#_mot2xz_12","parent":"_appproject_updateappproject_id_put.html#_mot2xz_12","pageViews":0,"url":"writerside-documentation/appproject-updateappproject-id-put.html#-mot2xz_12","mainTitle":"/AppProject/UpdateAppProject/{id} PUT","product":"","headings":"/AppProject/UpdateAppProject/{id} PUT,Request parameters","content":"                  \"isActive\": ...,\n                  \"isPrimary\": ...,\n                  \"email\": ...,\n                  \"phone\": ...,\n                  \"type\": ...,\n                  \"vatNumber\": ...,\n                  \"country\": ...,\n                  \"contactPersons\": ...,\n                  \"customer\": ...,\n                  \"users\": ...,\n                  \"teams\": ...\n                }\n              ],\n              \"type\": \"example\",\n              \"vatNumber\": \"example\",\n              \"country\": \"example\",\n              \"contactPersons\": [\n                {\n                  \"id\": ...,\n                  \"firstName\": ...,\n                  \"lastName\": ...,\n                  \"tenantId\": ...,\n                  \"tenant\": ...,\n                  \"emailAddresses\": ...,\n                  \"addresses\": ...,\n                  \"phoneNumbers\": ...,\n                  \"customer\": ...,\n                  \"isActive\": ...,\n                  \"isPrimary\": ...\n                }\n              ],\n              \"stripeCustomerId\": \"example\",\n              \"stripeSubscriptionId\": \"example\",\n              \"vatId\": \"example\"\n            },\n            \"users\": [\n              {\n                \"id\": 96,\n                \"firstName\": \"example\",\n                \"lastName\": \"example\",\n                \"userName\": \"example\",\n                \"isActive\": true,\n                \"email\": \"example\",\n                \"createdAt\": \"1971-04-26T12:26:06Z\",\n                \"lastLogin\": \"1971-04-26T12:26:06Z\",\n                \"emailAddresses\": [\n                  ...\n                ],\n                \"addresses\": [\n                  ...\n                ],\n                \"emailVerifications\": [\n                  ...\n                ],\n                \"referralInvitations\": [\n                  ...\n                ],\n                \"tenant\": {\n                  \"id\": ...,\n                  \"name\": ...,\n                  \"description\": ...,\n                  \"createdAt\": ...,\n                  \"lastUpdatedAt\": ...,\n                  \"isActive\": ...,\n                  \"isPrimary\": ...,\n                  \"email\": ...,\n                  \"phone\": ...,\n                  \"type\": ...,\n                  \"vatNumber\": ...,\n                  \"country\": ...,\n                  \"contactPersons\": ...,\n                  \"customer\": ...,\n                  \"users\": ...,\n                  \"teams\": ...\n                },\n                \"profile\": {\n                  \"id\": ...,\n                  \"firstName\": ...,\n                  \"lastName\": ...,\n                  \"dateOfBirth\": ...,\n                  \"gender\": ...,\n                  \"userName\": ...,\n                  \"isActive\": ...,\n                  \"createdAt\": ...,\n                  \"lastLogin\": ...,\n                  \"language\": ...,\n                  \"timezone\": ...,\n                  \"avatar\": ...,\n                  \"slug\": ...\n                },\n                \"roles\": [\n                  ...\n                ]\n              }\n            ],\n            \"teams\": [\n              {\n                \"id\": 96,\n                \"owner\": {\n                  \"id\": ...,\n                  \"firstName\": ...,\n                  \"lastName\": ...,\n                  \"userName\": ...,\n                  \"isActive\": ...,\n                  \"email\": ...,\n                  \"createdAt\": ...,\n                  \"lastLogin\": ...,\n                  \"emailAddresses\": ...,\n                  \"addresses\": ...,\n                  \"emailVerifications\": ...,\n                  \"referralInvitations\": ...,\n                  \"tenant\": ...,\n                  \"profile\": ...,\n                  \"roles\": ...\n                },\n                \"name\": \"example\",\n                \"isActive\": true,\n                \"description\": \"example\",\n                \"createdAt\": \"1971-04-26T12:26:06Z\",\n                \"lastUpdatedAt\": \"1971-04-26T12:26:06Z\",\n                \"teamMembers\": [\n                  ...\n                ],\n                \"teamInvites\": [\n                  ...\n                ],\n                \"tenant\": {\n                  \"id\": ...,\n                  \"name\": ...,\n                  \"description\": ...,\n                  \"createdAt\": ...,\n                  \"lastUpdatedAt\": ...,\n                  \"isActive\": ...,\n                  \"isPrimary\": ...,\n                  \"email\": ...,\n                  \"phone\": ...,\n                  \"type\": ...,\n                  \"vatNumber\": ...,\n                  \"country\": ...,\n                  \"contactPersons\": ...,\n                  \"customer\": ...,\n                  \"users\": ...,\n                  \"teams\": ...\n                },\n                \"tenantId\": 96\n              }\n            ]\n          },\n          \"emailAddresses\": [\n            {\n              \"id\": 96,\n              \"address\": \"example\",\n              \"userId\": 96,\n              \"user\": {\n                \"id\": 96,\n                \"firstName\": \"example\",\n                \"lastName\": \"example\",\n                \"userName\": \"example\",\n                \"isActive\": true,\n                \"email\": \"example\",\n                \"createdAt\": \"1971-04-26T12:26:06Z\",\n                \"lastLogin\": \"1971-04-26T12:26:06Z\",\n                \"emailAddresses\": [\n                  ...\n                ],\n                \"addresses\": [\n                  ...\n                ],\n                \"emailVerifications\": [\n                  ...\n                ],\n                \"referralInvitations\": [\n                  ...\n                ],\n                \"tenant\": {\n                  \"id\": ...,\n                  \"name\": ...,\n                  \"description\": ...,\n                  \"createdAt\": ...,\n                  \"lastUpdatedAt\": ...,\n                  \"isActive\": ...,\n                  \"isPrimary\": ...,\n                  \"email\": ...,\n                  \"phone\": ...,\n                  \"type\": ...,\n                  \"vatNumber\": ...,\n                  \"country\": ...,\n                  \"contactPersons\": ...,\n                  \"customer\": ...,\n                  \"users\": ...,\n                  \"teams\": ...\n                },\n                \"profile\": {\n                  \"id\": ...,\n                  \"firstName\": ...,\n                  \"lastName\": ...,\n                  \"dateOfBirth\": ...,\n                  \"gender\": ...,\n                  \"userName\": ...,\n                  \"isActive\": ...,\n                  \"createdAt\": ...,\n                  \"lastLogin\": ...,\n                  \"language\": ...,\n                  \"timezone\": ...,\n                  \"avatar\": ...,\n                  \"slug\": ...\n                },\n                \"roles\": [\n                  ...\n                ]\n              },\n              \"customerId\": 96,\n              \"customer\": {\n                \"id\": 96,\n                \"customerType\": \"0\",\n                \"currentlyAtOnboardingFlowStep\": 96,\n                \"tenants\": [\n                  ...\n                ],\n                \"type\": \"example\",\n                \"vatNumber\": \"example\",\n                \"country\": \"example\",\n                \"contactPersons\": [\n                  ...\n                ],\n                \"stripeCustomerId\": \"example\",\n                \"stripeSubscriptionId\": \"example\",\n                \"vatId\": \"example\"\n              },\n              \"contactPerson\": {\n                \"id\": 96,\n                \"firstName\": \"example\",\n                \"lastName\": \"example\",\n                \"tenantId\": 96,\n                \"tenant\": {\n                  \"id\": ...,\n                  \"name\": ...,\n                  \"description\": ...,\n                  \"createdAt\": ...,\n                  \"lastUpdatedAt\": ...,\n                  \"isActive\": ...,\n                  \"isPrimary\": ...,\n                  \"email\": ...,\n                  \"phone\": ...,\n                  \"type\": ...,\n                  \"vatNumber\": ...,\n                  \"country\": ...,\n                  \"contactPersons\": ...,\n                  \"customer\": ...,\n                  \"users\": ...,\n                  \"teams\": ...\n                },\n                \"emailAddresses\": [\n                  ...\n                ],\n                \"addresses\": [\n                  ...\n                ],\n                \"phoneNumbers\": [\n                  ...\n                ],\n                \"customer\": {\n                  \"id\": ...,\n                  \"customerType\": ...,\n                  \"currentlyAtOnboardingFlowStep\": ...,\n                  \"tenants\": ...,\n                  \"type\": ...,\n                  \"vatNumber\": ...,\n","pageTitle":"Request parameters","metaDescription":"","type":"Documentation","breadcrumbs":"🏗️ SaaS Factory///AppBlueprint///API Reference","root":0,"depth":3}