{"objectID":"_appproject_getappprojects_get.html#ruqwzw_11","parent":"_appproject_getappprojects_get.html#ruqwzw_10","pageViews":0,"url":"writerside-documentation/appproject-getappprojects-get.html#ruqwzw_11","mainTitle":"/AppProject/GetAppProjects GET","product":"","headings":"/AppProject/GetAppProjects GET,Responses","content":"200 OK \u0026lt;pre\u0026gt; Content-type: application/json Array of AppProjectEntity id: integer int32 name: string isActive: boolean description: string createdAt: string date-time lastUpdatedAt: string date-time category: string databaseConnectionString: string customers: Array of CustomerEntity id: integer int32 customerType: CustomerTypeEnum 0: null 1: null 2: null currentlyAtOnboardingFlowStep: integer int32 tenants: Array of TenantEntity id: integer int32 name: string description: string createdAt: string date-time lastUpdatedAt: string date-time isActive: boolean isPrimary: boolean email: string phone: string type: string vatNumber: string country: string contactPersons: Array of ContactPersonEntity id: integer int32 firstName: string lastName: string tenantId: integer int32 tenant: TenantEntity emailAddresses: Array of EmailAddressEntity id: integer int32 address: string userId: integer int32 user: UserEntity id: integer int32 firstName: string lastName: string userName: string isActive: boolean email: string createdAt: string date-time lastLogin: string date-time emailAddresses: Array of EmailAddressEntity addresses: Array of AddressEntity id: integer int32 cityId: integer int32 city: CityEntity id: integer int32 name: string countryId: integer int32 country: null postalCode: string state: null stateId: integer int32 countryId: integer int32 country: CountryEntity id: integer int32 name: string isoCode: null cities: Array of CityEntity cityId: string globalRegion: null globalRegionId: integer int32 streetId: integer int32 street: StreetEntity id: integer int32 name: string city: null cityId: integer int32 country: null countryId: integer int32 isPrimary: boolean longitude: string latitude: string floor: string streetNumber: string unitNumber: string state: string postalCode: string customerId: integer int32 customer: CustomerEntity tenantId: integer int32 tenant: TenantEntity emailVerifications: Array of EmailVerificationEntity id: integer int32 token: string createdAt: string date-time lastUpdatedAt: string date-time expireAt: string date-time hasBeenOpened: boolean hasBeenVerified: boolean referralInvitations: Array of EmailInviteEntity id: integer int32 token: string referredEmailAddress: string createdAt: string date-time lastUpdatedAt: string date-time expireAt: string date-time inviteIsUsed: boolean tenant: TenantEntity profile: ProfileEntity id: integer int32 firstName: string lastName: string dateOfBirth: string date-time gender: Gender 0: null 1: null userName: string isActive: boolean createdAt: string date-time lastLogin: string date-time language: string timezone: string date-time avatar: string slug: string roles: Array of RoleEntity id: integer int32 name: string description: string createdAt: string date-time lastUpdatedAt: string date-time permissions: Array of PermissionEntity id: integer int32 name: string description: string createdAt: string date-time lastUpdatedAt: string date-time customerId: integer int32 customer: CustomerEntity contactPerson: ContactPersonEntity tenantId: integer int32 tenant: TenantEntity addresses: Array of AddressEntity id: integer int32 cityId: integer int32 city: CityEntity id: integer int32 name: string countryId: integer int32 country: CountryEntity id: integer int32 name: string isoCode: IsoCodeEnum 0: null 1: null cities: Array of CityEntity cityId: string globalRegion: GlobalRegionEntity id: integer int32 name: string countries: Array of CountryEntity globalRegionId: integer int32 postalCode: string state: StateEntity id: integer int32 name: string isoCode: string countryId: integer int32 country: CountryEntity id: integer int32 name: string isoCode: null cities: Array of CityEntity cityId: string globalRegion: null globalRegionId: integer int32 stateId: integer int32 countryId: integer int32 country: CountryEntity id: integer int32 name: string isoCode: IsoCodeEnum 0: null 1: null cities: Array of CityEntity id: integer int32 name: string countryId: integer int32 country: CountryEntity postalCode: string state: StateEntity id: integer int32 name: string isoCode: string countryId: integer int32 country: CountryEntity stateId: integer int32 cityId: string globalRegion: GlobalRegionEntity id: integer int32 name: string countries: Array of CountryEntity globalRegionId: integer int32 streetId: integer int32 street: StreetEntity id: integer int32 name: string city: CityEntity id: integer int32 name: string countryId: integer int32 country: CountryEntity id: integer int32 name: string isoCode: null cities: Array of CityEntity cityId: string globalRegion: null globalRegionId: integer int32 postalCode: string state: StateEntity id: integer int32 name: string isoCode: string countryId: integer int32 country: null stateId: integer int32 cityId: integer int32 country: CityEntity id: integer int32 name: string countryId: integer int32 country: CountryEntity id: integer int32 name: string isoCode: null cities: Array of CityEntity cityId: string globalRegion: null globalRegionId: integer int32 postalCode: string state: StateEntity id: integer int32 name: string isoCode: string countryId: integer int32 country: null stateId: integer int32 countryId: integer int32 isPrimary: boolean longitude: string latitude: string floor: string streetNumber: string unitNumber: string state: string postalCode: string customerId: integer int32 customer: CustomerEntity tenantId: integer int32 tenant: TenantEntity phoneNumbers: Array of PhoneNumberEntity id: integer int32 number: string countryCode: string isPrimary: boolean isVerified: boolean createdAt: string date-time lastUpdatedAt: string date-time userId: integer int32 user: UserEntity id: integer int32 firstName: string lastName: string userName: string isActive: boolean email: string createdAt: string date-time lastLogin: string date-time emailAddresses: Array of EmailAddressEntity id: integer int32 address: string userId: integer int32 user: UserEntity customerId: integer int32 customer: CustomerEntity contactPerson: ContactPersonEntity tenantId: integer int32 tenant: TenantEntity addresses: Array of AddressEntity id: integer int32 cityId: integer int32 city: CityEntity id: integer int32 name: string countryId: integer int32 country: null postalCode: string state: null stateId: integer int32 countryId: integer int32 country: CountryEntity id: integer int32 name: string isoCode: null cities: Array of CityEntity cityId: string globalRegion: null globalRegionId: integer int32 streetId: integer int32 street: StreetEntity id: integer int32 name: string city: null cityId: integer int32 country: null countryId: integer int32 isPrimary: boolean longitude: string latitude: string floor: string streetNumber: string unitNumber: string state: string postalCode: string customerId: integer int32 customer: CustomerEntity tenantId: integer int32 tenant: TenantEntity emailVerifications: Array of EmailVerificationEntity id: integer int32 token: string createdAt: string date-time lastUpdatedAt: string date-time expireAt: string date-time hasBeenOpened: boolean hasBeenVerified: boolean referralInvitations: Array of EmailInviteEntity id: integer int32 token: string referredEmailAddress: string createdAt: string date-time lastUpdatedAt: string date-time expireAt: string date-time inviteIsUsed: boolean tenant: TenantEntity profile: ProfileEntity id: integer int32 firstName: string lastName: string dateOfBirth: string date-time gender: Gender 0: null 1: null userName: string isActive: boolean createdAt: string date-time lastLogin: string date-time language: string timezone: string date-time avatar: string slug: string roles: Array of RoleEntity id: integer int32 name: string description: string createdAt: string date-time lastUpdatedAt: string date-time permissions: Array of PermissionEntity id: integer int32 name: string description: string createdAt: string date-time lastUpdatedAt: string date-time customerId: integer int32 customer: CustomerEntity contactPerson: ContactPersonEntity tenantId: integer int32 tenant: TenantEntity customer: CustomerEntity isActive: boolean isPrimary: boolean customer: CustomerEntity users: Array of UserEntity id: integer int32 firstName: string lastName: string userName: string isActive: boolean email: string createdAt: string date-time lastLogin: string date-time emailAddresses: Array of EmailAddressEntity id: integer int32 address: string userId: integer int32 user: UserEntity customerId: integer int32 customer: CustomerEntity contactPerson: ","pageTitle":"Responses","metaDescription":"","type":"Documentation","breadcrumbs":"🏗️ SaaS Factory///AppBlueprint///API Reference","root":0,"depth":3}