{"objectID":"_appproject_getappproject_id_get.html#AppProject_GetAppProject_id_GET.md","parent":"_appproject_getappproject_id_get.html#_rjn7bv_11","pageViews":0,"url":"writerside-documentation/appproject-getappproject-id-get.html#AppProject_GetAppProject_id_GET.md","mainTitle":"/AppProject/GetAppProject/{id} GET","product":"","headings":"/AppProject/GetAppProject/{id} GET","content":"GET /AppProject/GetAppProject/{id} ","pageTitle":"/AppProject/GetAppProject/{id} GET","metaDescription":"","type":"Documentation","breadcrumbs":"🏗️ SaaS Factory///AppBlueprint///API Reference","root":0,"depth":3}