{"objectID":"_appproject_createappproject_post.html#dz6tjr_10","parent":"_appproject_createappproject_post.html#dz6tjr_10","pageViews":0,"url":"writerside-documentation/appproject-createappproject-post.html#dz6tjr_10","mainTitle":"/AppProject/CreateAppProject POST","product":"","headings":"/AppProject/CreateAppProject POST,Request parameters","content":"                \"isActive\": true,\n                \"isPrimary\": true,\n                \"email\": \"example\",\n                \"phone\": \"example\",\n                \"type\": \"example\",\n                \"vatNumber\": \"example\",\n                \"country\": \"example\",\n                \"contactPersons\": [\n                  ...\n                ],\n                \"customer\": {\n                  \"id\": ...,\n                  \"customerType\": ...,\n                  \"currentlyAtOnboardingFlowStep\": ...,\n                  \"tenants\": ...,\n                  \"type\": ...,\n                  \"vatNumber\": ...,\n                  \"country\": ...,\n                  \"contactPersons\": ...,\n                  \"stripeCustomerId\": ...,\n                  \"stripeSubscriptionId\": ...,\n                  \"vatId\": ...\n                },\n                \"users\": [\n                  ...\n                ],\n                \"teams\": [\n                  ...\n                ]\n              },\n              \"profile\": {\n                \"id\": 96,\n                \"firstName\": \"example\",\n                \"lastName\": \"example\",\n                \"dateOfBirth\": \"1971-04-26T12:26:06Z\",\n                \"gender\": \"0\",\n                \"userName\": \"example\",\n                \"isActive\": true,\n                \"createdAt\": \"1971-04-26T12:26:06Z\",\n                \"lastLogin\": \"1971-04-26T12:26:06Z\",\n                \"language\": \"example\",\n                \"timezone\": \"1971-04-26T12:26:06Z\",\n                \"avatar\": \"example\",\n                \"slug\": \"example\"\n              },\n              \"roles\": [\n                {\n                  \"id\": ...,\n                  \"name\": ...,\n                  \"description\": ...,\n                  \"createdAt\": ...,\n                  \"lastUpdatedAt\": ...,\n                  \"permissions\": ...\n                }\n              ]\n            }\n          ],\n          \"teams\": [\n            {\n              \"id\": 96,\n              \"owner\": {\n                \"id\": 96,\n                \"firstName\": \"example\",\n                \"lastName\": \"example\",\n                \"userName\": \"example\",\n                \"isActive\": true,\n                \"email\": \"example\",\n                \"createdAt\": \"1971-04-26T12:26:06Z\",\n                \"lastLogin\": \"1971-04-26T12:26:06Z\",\n                \"emailAddresses\": [\n                  ...\n                ],\n                \"addresses\": [\n                  ...\n                ],\n                \"emailVerifications\": [\n                  ...\n                ],\n                \"referralInvitations\": [\n                  ...\n                ],\n                \"tenant\": {\n                  \"id\": ...,\n                  \"name\": ...,\n                  \"description\": ...,\n                  \"createdAt\": ...,\n                  \"lastUpdatedAt\": ...,\n                  \"isActive\": ...,\n                  \"isPrimary\": ...,\n                  \"email\": ...,\n                  \"phone\": ...,\n                  \"type\": ...,\n                  \"vatNumber\": ...,\n                  \"country\": ...,\n                  \"contactPersons\": ...,\n                  \"customer\": ...,\n                  \"users\": ...,\n                  \"teams\": ...\n                },\n                \"profile\": {\n                  \"id\": ...,\n                  \"firstName\": ...,\n                  \"lastName\": ...,\n                  \"dateOfBirth\": ...,\n                  \"gender\": ...,\n                  \"userName\": ...,\n                  \"isActive\": ...,\n                  \"createdAt\": ...,\n                  \"lastLogin\": ...,\n                  \"language\": ...,\n                  \"timezone\": ...,\n                  \"avatar\": ...,\n                  \"slug\": ...\n                },\n                \"roles\": [\n                  ...\n                ]\n              },\n              \"name\": \"example\",\n              \"isActive\": true,\n              \"description\": \"example\",\n              \"createdAt\": \"1971-04-26T12:26:06Z\",\n              \"lastUpdatedAt\": \"1971-04-26T12:26:06Z\",\n              \"teamMembers\": [\n                {\n                  \"id\": ...,\n                  \"alias\": ...,\n                  \"isActive\": ...,\n                  \"userId\": ...,\n                  \"user\": ...,\n                  \"teamId\": ...,\n                  \"team\": ...\n                }\n              ],\n              \"teamInvites\": [\n                {\n                  \"id\": ...,\n                  \"teamId\": ...,\n                  \"team\": ...,\n                  \"owner\": ...,\n                  \"expireAt\": ...,\n                  \"isActive\": ...,\n                  \"createdAt\": ...\n                }\n              ],\n              \"tenant\": {\n                \"id\": 96,\n                \"name\": \"example\",\n                \"description\": \"example\",\n                \"createdAt\": \"1971-04-26T12:26:06Z\",\n                \"lastUpdatedAt\": \"1971-04-26T12:26:06Z\",\n                \"isActive\": true,\n                \"isPrimary\": true,\n                \"email\": \"example\",\n                \"phone\": \"example\",\n                \"type\": \"example\",\n                \"vatNumber\": \"example\",\n                \"country\": \"example\",\n                \"contactPersons\": [\n                  ...\n                ],\n                \"customer\": {\n                  \"id\": ...,\n                  \"customerType\": ...,\n                  \"currentlyAtOnboardingFlowStep\": ...,\n                  \"tenants\": ...,\n                  \"type\": ...,\n                  \"vatNumber\": ...,\n                  \"country\": ...,\n                  \"contactPersons\": ...,\n                  \"stripeCustomerId\": ...,\n                  \"stripeSubscriptionId\": ...,\n                  \"vatId\": ...\n                },\n                \"users\": [\n                  ...\n                ],\n                \"teams\": [\n                  ...\n                ]\n              },\n              \"tenantId\": 96\n            }\n          ]\n        }\n      ],\n      \"type\": \"example\",\n      \"vatNumber\": \"example\",\n      \"country\": \"example\",\n      \"contactPersons\": [\n        {\n          \"id\": 96,\n          \"firstName\": \"example\",\n          \"lastName\": \"example\",\n          \"tenantId\": 96,\n          \"tenant\": {\n            \"id\": 96,\n            \"name\": \"example\",\n            \"description\": \"example\",\n            \"createdAt\": \"1971-04-26T12:26:06Z\",\n            \"lastUpdatedAt\": \"1971-04-26T12:26:06Z\",\n            \"isActive\": true,\n            \"isPrimary\": true,\n            \"email\": \"example\",\n            \"phone\": \"example\",\n            \"type\": \"example\",\n            \"vatNumber\": \"example\",\n            \"country\": \"example\",\n            \"contactPersons\": [\n              {\n                \"id\": 96,\n                \"firstName\": \"example\",\n                \"lastName\": \"example\",\n                \"tenantId\": 96,\n                \"tenant\": {\n                  \"id\": ...,\n                  \"name\": ...,\n                  \"description\": ...,\n                  \"createdAt\": ...,\n                  \"lastUpdatedAt\": ...,\n                  \"isActive\": ...,\n                  \"isPrimary\": ...,\n                  \"email\": ...,\n                  \"phone\": ...,\n                  \"type\": ...,\n                  \"vatNumber\": ...,\n                  \"country\": ...,\n                  \"contactPersons\": ...,\n                  \"customer\": ...,\n                  \"users\": ...,\n                  \"teams\": ...\n                },\n                \"emailAddresses\": [\n                  ...\n                ],\n                \"addresses\": [\n                  ...\n                ],\n                \"phoneNumbers\": [\n                  ...\n                ],\n                \"customer\": {\n                  \"id\": ...,\n                  \"customerType\": ...,\n                  \"currentlyAtOnboardingFlowStep\": ...,\n                  \"tenants\": ...,\n                  \"type\": ...,\n                  \"vatNumber\": ...,\n                  \"country\": ...,\n                  \"contactPersons\": ...,\n                  \"stripeCustomerId\": ...,\n                  \"stripeSubscriptionId\": ...,\n                  \"vatId\": ...\n                },\n                \"isActive\": true,\n                \"isPrimary\": true\n              }\n            ],\n            \"customer\": {\n              \"id\": 96,\n              \"customerType\": \"0\",\n              \"currentlyAtOnboardingFlowStep\": 96,\n              \"tenants\": [\n                {\n                  \"id\": ...,\n                  \"name\": ...,\n                  \"description\": ...,\n                  \"createdAt\": ...,\n                  \"lastUpdatedAt\": ...,\n                  \"isActive\": ...,\n","pageTitle":"Request parameters","metaDescription":"","type":"Documentation","breadcrumbs":"🏗️ SaaS Factory///AppBlueprint///API Reference","root":0,"depth":3}