{"objectID":"_appproject_updateappproject_id_put.html#AppProject_UpdateAppProject_id_PUT.md","parent":"_appproject_updateappproject_id_put.html#_mot2xz_12","pageViews":0,"url":"writerside-documentation/appproject-updateappproject-id-put.html#AppProject_UpdateAppProject_id_PUT.md","mainTitle":"/AppProject/UpdateAppProject/{id} PUT","product":"","headings":"/AppProject/UpdateAppProject/{id} PUT","content":"PUT /AppProject/UpdateAppProject/{id} ","pageTitle":"/AppProject/UpdateAppProject/{id} PUT","metaDescription":"","type":"Documentation","breadcrumbs":"🏗️ SaaS Factory///AppBlueprint///API Reference","root":0,"depth":3}