{"objectID":"_appproject_updateappproject_id_put.html#_mot2xz_12","parent":"_appproject_updateappproject_id_put.html#_mot2xz_12","pageViews":0,"url":"writerside-documentation/appproject-updateappproject-id-put.html#-mot2xz_12","mainTitle":"/AppProject/UpdateAppProject/{id} PUT","product":"","headings":"/AppProject/UpdateAppProject/{id} PUT,Request parameters","content":"                  \"country\": ...,\n                  \"contactPersons\": ...,\n                  \"stripeCustomerId\": ...,\n                  \"stripeSubscriptionId\": ...,\n                  \"vatId\": ...\n                },\n                \"isActive\": true,\n                \"isPrimary\": true\n              },\n              \"tenantId\": 96,\n              \"tenant\": {\n                \"id\": 96,\n                \"name\": \"example\",\n                \"description\": \"example\",\n                \"createdAt\": \"1971-04-26T12:26:06Z\",\n                \"lastUpdatedAt\": \"1971-04-26T12:26:06Z\",\n                \"isActive\": true,\n                \"isPrimary\": true,\n                \"email\": \"example\",\n                \"phone\": \"example\",\n                \"type\": \"example\",\n                \"vatNumber\": \"example\",\n                \"country\": \"example\",\n                \"contactPersons\": [\n                  ...\n                ],\n                \"customer\": {\n                  \"id\": ...,\n                  \"customerType\": ...,\n                  \"currentlyAtOnboardingFlowStep\": ...,\n                  \"tenants\": ...,\n                  \"type\": ...,\n                  \"vatNumber\": ...,\n                  \"country\": ...,\n                  \"contactPersons\": ...,\n                  \"stripeCustomerId\": ...,\n                  \"stripeSubscriptionId\": ...,\n                  \"vatId\": ...\n                },\n                \"users\": [\n                  ...\n                ],\n                \"teams\": [\n                  ...\n                ]\n              }\n            }\n          ],\n          \"addresses\": [\n            {\n              \"id\": 96,\n              \"cityId\": 96,\n              \"city\": {\n                \"id\": 96,\n                \"name\": \"example\",\n                \"countryId\": 96,\n                \"country\": {\n                  \"id\": ...,\n                  \"name\": ...,\n                  \"isoCode\": ...,\n                  \"cities\": ...,\n                  \"cityId\": ...,\n                  \"globalRegion\": ...,\n                  \"globalRegionId\": ...\n                },\n                \"postalCode\": \"example\",\n                \"state\": {\n                  \"id\": ...,\n                  \"name\": ...,\n                  \"isoCode\": ...,\n                  \"countryId\": ...,\n                  \"country\": ...\n                },\n                \"stateId\": 96\n              },\n              \"countryId\": 96,\n              \"country\": {\n                \"id\": 96,\n                \"name\": \"example\",\n                \"isoCode\": \"0\",\n                \"cities\": [\n                  ...\n                ],\n                \"cityId\": \"example\",\n                \"globalRegion\": {\n                  \"id\": ...,\n                  \"name\": ...,\n                  \"countries\": ...\n                },\n                \"globalRegionId\": 96\n              },\n              \"streetId\": 96,\n              \"street\": {\n                \"id\": 96,\n                \"name\": \"example\",\n                \"city\": {\n                  \"id\": ...,\n                  \"name\": ...,\n                  \"countryId\": ...,\n                  \"country\": ...,\n                  \"postalCode\": ...,\n                  \"state\": ...,\n                  \"stateId\": ...\n                },\n                \"cityId\": 96,\n                \"country\": {\n                  \"id\": ...,\n                  \"name\": ...,\n                  \"countryId\": ...,\n                  \"country\": ...,\n                  \"postalCode\": ...,\n                  \"state\": ...,\n                  \"stateId\": ...\n                },\n                \"countryId\": 96\n              },\n              \"isPrimary\": true,\n              \"longitude\": \"example\",\n              \"latitude\": \"example\",\n              \"floor\": \"example\",\n              \"streetNumber\": \"example\",\n              \"unitNumber\": \"example\",\n              \"state\": \"example\",\n              \"postalCode\": \"example\",\n              \"customerId\": 96,\n              \"customer\": {\n                \"id\": 96,\n                \"customerType\": \"0\",\n                \"currentlyAtOnboardingFlowStep\": 96,\n                \"tenants\": [\n                  ...\n                ],\n                \"type\": \"example\",\n                \"vatNumber\": \"example\",\n                \"country\": \"example\",\n                \"contactPersons\": [\n                  ...\n                ],\n                \"stripeCustomerId\": \"example\",\n                \"stripeSubscriptionId\": \"example\",\n                \"vatId\": \"example\"\n              },\n              \"tenantId\": 96,\n              \"tenant\": {\n                \"id\": 96,\n                \"name\": \"example\",\n                \"description\": \"example\",\n                \"createdAt\": \"1971-04-26T12:26:06Z\",\n                \"lastUpdatedAt\": \"1971-04-26T12:26:06Z\",\n                \"isActive\": true,\n                \"isPrimary\": true,\n                \"email\": \"example\",\n                \"phone\": \"example\",\n                \"type\": \"example\",\n                \"vatNumber\": \"example\",\n                \"country\": \"example\",\n                \"contactPersons\": [\n                  ...\n                ],\n                \"customer\": {\n                  \"id\": ...,\n                  \"customerType\": ...,\n                  \"currentlyAtOnboardingFlowStep\": ...,\n                  \"tenants\": ...,\n                  \"type\": ...,\n                  \"vatNumber\": ...,\n                  \"country\": ...,\n                  \"contactPersons\": ...,\n                  \"stripeCustomerId\": ...,\n                  \"stripeSubscriptionId\": ...,\n                  \"vatId\": ...\n                },\n                \"users\": [\n                  ...\n                ],\n                \"teams\": [\n                  ...\n                ]\n              }\n            }\n          ],\n          \"phoneNumbers\": [\n            {\n              \"id\": 96,\n              \"number\": \"example\",\n              \"countryCode\": \"example\",\n              \"isPrimary\": true,\n              \"isVerified\": true,\n              \"createdAt\": \"1971-04-26T12:26:06Z\",\n              \"lastUpdatedAt\": \"1971-04-26T12:26:06Z\",\n              \"userId\": 96,\n              \"user\": {\n                \"id\": 96,\n                \"firstName\": \"example\",\n                \"lastName\": \"example\",\n                \"userName\": \"example\",\n                \"isActive\": true,\n                \"email\": \"example\",\n                \"createdAt\": \"1971-04-26T12:26:06Z\",\n                \"lastLogin\": \"1971-04-26T12:26:06Z\",\n                \"emailAddresses\": [\n                  ...\n                ],\n                \"addresses\": [\n                  ...\n                ],\n                \"emailVerifications\": [\n                  ...\n                ],\n                \"referralInvitations\": [\n                  ...\n                ],\n                \"tenant\": {\n                  \"id\": ...,\n                  \"name\": ...,\n                  \"description\": ...,\n                  \"createdAt\": ...,\n                  \"lastUpdatedAt\": ...,\n                  \"isActive\": ...,\n                  \"isPrimary\": ...,\n                  \"email\": ...,\n                  \"phone\": ...,\n                  \"type\": ...,\n                  \"vatNumber\": ...,\n                  \"country\": ...,\n                  \"contactPersons\": ...,\n                  \"customer\": ...,\n                  \"users\": ...,\n                  \"teams\": ...\n                },\n                \"profile\": {\n                  \"id\": ...,\n                  \"firstName\": ...,\n                  \"lastName\": ...,\n                  \"dateOfBirth\": ...,\n                  \"gender\": ...,\n                  \"userName\": ...,\n                  \"isActive\": ...,\n                  \"createdAt\": ...,\n                  \"lastLogin\": ...,\n                  \"language\": ...,\n                  \"timezone\": ...,\n                  \"avatar\": ...,\n                  \"slug\": ...\n                },\n                \"roles\": [\n                  ...\n                ]\n              },\n              \"customerId\": 96,\n              \"customer\": {\n                \"id\": 96,\n                \"customerType\": \"0\",\n                \"currentlyAtOnboardingFlowStep\": 96,\n                \"tenants\": [\n                  ...\n                ],\n                \"type\": \"example\",\n                \"vatNumber\": \"example\",\n                \"country\": \"example\",\n                \"contactPersons\": [\n                  ...\n                ],\n                \"stripeCustomerId\": \"example\",\n                \"stripeSubscriptionId\": \"example\",\n                \"vatId\": \"example\"\n              },\n              \"contactPerson\": {\n                \"id\": 96,\n","pageTitle":"Request parameters","metaDescription":"","type":"Documentation","breadcrumbs":"🏗️ SaaS Factory///AppBlueprint///API Reference","root":0,"depth":3}