{"objectID":"_appproject_deleteappproject_id_delete.html#AppProject_DeleteAppProject_id_DELETE.md","parent":"_appproject_deleteappproject_id_delete.html#_glnbqj_11","pageViews":0,"url":"writerside-documentation/appproject-deleteappproject-id-delete.html#AppProject_DeleteAppProject_id_DELETE.md","mainTitle":"/AppProject/DeleteAppProject/{id} DELETE","product":"","headings":"/AppProject/DeleteAppProject/{id} DELETE","content":"DELETE /AppProject/DeleteAppProject/{id} ","pageTitle":"/AppProject/DeleteAppProject/{id} DELETE","metaDescription":"","type":"Documentation","breadcrumbs":"🏗️ SaaS Factory///AppBlueprint///API Reference","root":0,"depth":3}