{"objectID":"_appproject_getappprojects_get.html#ruqwzw_10","parent":"_appproject_getappprojects_get.html#ruqwzw_10","pageViews":0,"url":"writerside-documentation/appproject-getappprojects-get.html#ruqwzw_10","mainTitle":"/AppProject/GetAppProjects GET","product":"","headings":"/AppProject/GetAppProjects GET,Request parameters","content":"Request parameters: Header \u0026lt;pre\u0026gt;\nContent-type: Authorization\nnull Access token (Bearer \u0026lt;token\u0026gt;)\n\u0026lt;/pre\u0026gt;\n","pageTitle":"Request parameters","metaDescription":"","type":"Documentation","breadcrumbs":"🏗️ SaaS Factory///AppBlueprint///API Reference","root":0,"depth":3}