{"objectID":"_appproject_getappprojects_get.html#AppProject_GetAppProjects_GET.md","parent":"_appproject_getappprojects_get.html#ruqwzw_10","pageViews":0,"url":"writerside-documentation/appproject-getappprojects-get.html#AppProject_GetAppProjects_GET.md","mainTitle":"/AppProject/GetAppProjects GET","product":"","headings":"/AppProject/GetAppProjects GET","content":"GET /AppProject/GetAppProjects ","pageTitle":"/AppProject/GetAppProjects GET","metaDescription":"","type":"Documentation","breadcrumbs":"🏗️ SaaS Factory///AppBlueprint///API Reference","root":0,"depth":3}