{"objectID":"_appproject_getappproject_id_get.html#_rjn7bv_12","parent":"_appproject_getappproject_id_get.html#_rjn7bv_11","pageViews":0,"url":"writerside-documentation/appproject-getappproject-id-get.html#-rjn7bv_12","mainTitle":"/AppProject/GetAppProject/{id} GET","product":"","headings":"/AppProject/GetAppProject/{id} GET,Responses","content":"roles: Array of RoleEntity id: integer int32 name: string description: string createdAt: string date-time lastUpdatedAt: string date-time permissions: Array of PermissionEntity name: string isActive: boolean description: string createdAt: string date-time lastUpdatedAt: string date-time teamMembers: Array of TeamMemberEntity id: integer int32 alias: string isActive: boolean userId: integer int32 user: UserEntity id: integer int32 firstName: string lastName: string userName: string isActive: boolean email: string createdAt: string date-time lastLogin: string date-time emailAddresses: Array of EmailAddressEntity addresses: Array of AddressEntity emailVerifications: Array of EmailVerificationEntity referralInvitations: Array of EmailInviteEntity tenant: TenantEntity profile: null roles: Array of RoleEntity teamId: integer int32 team: TeamEntity teamInvites: Array of TeamInviteEntity id: integer int32 teamId: integer int32 team: TeamEntity owner: UserEntity id: integer int32 firstName: string lastName: string userName: string isActive: boolean email: string createdAt: string date-time lastLogin: string date-time emailAddresses: Array of EmailAddressEntity addresses: Array of AddressEntity emailVerifications: Array of EmailVerificationEntity referralInvitations: Array of EmailInviteEntity tenant: TenantEntity profile: null roles: Array of RoleEntity expireAt: string date-time isActive: boolean createdAt: string date-time tenant: TenantEntity tenantId: integer int32 customer: CustomerEntity isActive: boolean isPrimary: boolean stripeCustomerId: string stripeSubscriptionId: string vatId: string \u0026lt;/pre\u0026gt; [\n  {\n    \"id\": 96,\n    \"name\": \"example\",\n    \"isActive\": true,\n    \"description\": \"example\",\n    \"createdAt\": \"1971-04-26T12:26:06Z\",\n    \"lastUpdatedAt\": \"1971-04-26T12:26:06Z\",\n    \"category\": \"example\",\n    \"databaseConnectionString\": \"example\",\n    \"customers\": [\n      {\n        \"id\": 96,\n        \"customerType\": \"0\",\n        \"currentlyAtOnboardingFlowStep\": 96,\n        \"tenants\": [\n          {\n            \"id\": 96,\n            \"name\": \"example\",\n            \"description\": \"example\",\n            \"createdAt\": \"1971-04-26T12:26:06Z\",\n            \"lastUpdatedAt\": \"1971-04-26T12:26:06Z\",\n            \"isActive\": true,\n            \"isPrimary\": true,\n            \"email\": \"example\",\n            \"phone\": \"example\",\n            \"type\": \"example\",\n            \"vatNumber\": \"example\",\n            \"country\": \"example\",\n            \"contactPersons\": [\n              {\n                \"id\": 96,\n                \"firstName\": \"example\",\n                \"lastName\": \"example\",\n                \"tenantId\": 96,\n                \"tenant\": {\n                  \"id\": ...,\n                  \"name\": ...,\n                  \"description\": ...,\n                  \"createdAt\": ...,\n                  \"lastUpdatedAt\": ...,\n                  \"isActive\": ...,\n                  \"isPrimary\": ...,\n                  \"email\": ...,\n                  \"phone\": ...,\n                  \"type\": ...,\n                  \"vatNumber\": ...,\n                  \"country\": ...,\n                  \"contactPersons\": ...,\n                  \"customer\": ...,\n                  \"users\": ...,\n                  \"teams\": ...\n                },\n                \"emailAddresses\": [\n                  ...\n                ],\n                \"addresses\": [\n                  ...\n                ],\n                \"phoneNumbers\": [\n                  ...\n                ],\n                \"customer\": {\n                  \"id\": ...,\n                  \"customerType\": ...,\n                  \"currentlyAtOnboardingFlowStep\": ...,\n                  \"tenants\": ...,\n                  \"type\": ...,\n                  \"vatNumber\": ...,\n                  \"country\": ...,\n                  \"contactPersons\": ...,\n                  \"stripeCustomerId\": ...,\n                  \"stripeSubscriptionId\": ...,\n                  \"vatId\": ...\n                },\n                \"isActive\": true,\n                \"isPrimary\": true\n              }\n            ],\n            \"customer\": {\n              \"id\": 96,\n              \"customerType\": \"0\",\n              \"currentlyAtOnboardingFlowStep\": 96,\n              \"tenants\": [\n                {\n                  \"id\": ...,\n                  \"name\": ...,\n                  \"description\": ...,\n                  \"createdAt\": ...,\n                  \"lastUpdatedAt\": ...,\n                  \"isActive\": ...,\n                  \"isPrimary\": ...,\n                  \"email\": ...,\n                  \"phone\": ...,\n                  \"type\": ...,\n                  \"vatNumber\": ...,\n                  \"country\": ...,\n                  \"contactPersons\": ...,\n                  \"customer\": ...,\n                  \"users\": ...,\n                  \"teams\": ...\n                }\n              ],\n              \"type\": \"example\",\n              \"vatNumber\": \"example\",\n              \"country\": \"example\",\n              \"contactPersons\": [\n                {\n                  \"id\": ...,\n                  \"firstName\": ...,\n                  \"lastName\": ...,\n                  \"tenantId\": ...,\n                  \"tenant\": ...,\n                  \"emailAddresses\": ...,\n                  \"addresses\": ...,\n                  \"phoneNumbers\": ...,\n                  \"customer\": ...,\n                  \"isActive\": ...,\n                  \"isPrimary\": ...\n                }\n              ],\n              \"stripeCustomerId\": \"example\",\n              \"stripeSubscriptionId\": \"example\",\n              \"vatId\": \"example\"\n            },\n            \"users\": [\n              {\n                \"id\": 96,\n                \"firstName\": \"example\",\n                \"lastName\": \"example\",\n                \"userName\": \"example\",\n                \"isActive\": true,\n                \"email\": \"example\",\n                \"createdAt\": \"1971-04-26T12:26:06Z\",\n                \"lastLogin\": \"1971-04-26T12:26:06Z\",\n                \"emailAddresses\": [\n                  ...\n                ],\n                \"addresses\": [\n                  ...\n                ],\n                \"emailVerifications\": [\n                  ...\n                ],\n                \"referralInvitations\": [\n                  ...\n                ],\n                \"tenant\": {\n                  \"id\": ...,\n                  \"name\": ...,\n                  \"description\": ...,\n                  \"createdAt\": ...,\n                  \"lastUpdatedAt\": ...,\n                  \"isActive\": ...,\n                  \"isPrimary\": ...,\n                  \"email\": ...,\n                  \"phone\": ...,\n                  \"type\": ...,\n                  \"vatNumber\": ...,\n                  \"country\": ...,\n                  \"contactPersons\": ...,\n                  \"customer\": ...,\n                  \"users\": ...,\n                  \"teams\": ...\n                },\n                \"profile\": {\n                  \"id\": ...,\n                  \"firstName\": ...,\n                  \"lastName\": ...,\n                  \"dateOfBirth\": ...,\n                  \"gender\": ...,\n                  \"userName\": ...,\n                  \"isActive\": ...,\n                  \"createdAt\": ...,\n                  \"lastLogin\": ...,\n                  \"language\": ...,\n                  \"timezone\": ...,\n                  \"avatar\": ...,\n                  \"slug\": ...\n                },\n                \"roles\": [\n                  ...\n                ]\n              }\n            ],\n            \"teams\": [\n              {\n                \"id\": 96,\n                \"owner\": {\n                  \"id\": ...,\n                  \"firstName\": ...,\n                  \"lastName\": ...,\n                  \"userName\": ...,\n                  \"isActive\": ...,\n                  \"email\": ...,\n                  \"createdAt\": ...,\n                  \"lastLogin\": ...,\n                  \"emailAddresses\": ...,\n                  \"addresses\": ...,\n                  \"emailVerifications\": ...,\n                  \"referralInvitations\": ...,\n                  \"tenant\": ...,\n                  \"profile\": ...,\n                  \"roles\": ...\n                },\n                \"name\": \"example\",\n                \"isActive\": true,\n                \"description\": \"example\",\n                \"createdAt\": \"1971-04-26T12:26:06Z\",\n                \"lastUpdatedAt\": \"1971-04-26T12:26:06Z\",\n                \"teamMembers\": [\n                  ...\n                ],\n                \"teamInvites\": [\n                  ...\n                ],\n                \"tenant\": {\n                  \"id\": ...,\n                  \"name\": ...,\n","pageTitle":"Responses","metaDescription":"","type":"Documentation","breadcrumbs":"🏗️ SaaS Factory///AppBlueprint///API Reference","root":0,"depth":3}