{"objectID":"_appproject_createappproject_post.html#dz6tjr_10","parent":"_appproject_createappproject_post.html#dz6tjr_10","pageViews":0,"url":"writerside-documentation/appproject-createappproject-post.html#dz6tjr_10","mainTitle":"/AppProject/CreateAppProject POST","product":"","headings":"/AppProject/CreateAppProject POST,Request parameters","content":"                  \"customerType\": ...,\n                  \"currentlyAtOnboardingFlowStep\": ...,\n                  \"tenants\": ...,\n                  \"type\": ...,\n                  \"vatNumber\": ...,\n                  \"country\": ...,\n                  \"contactPersons\": ...,\n                  \"stripeCustomerId\": ...,\n                  \"stripeSubscriptionId\": ...,\n                  \"vatId\": ...\n                },\n                \"users\": [\n                  ...\n                ],\n                \"teams\": [\n                  ...\n                ]\n              },\n              \"emailAddresses\": [\n                {\n                  \"id\": ...,\n                  \"address\": ...,\n                  \"userId\": ...,\n                  \"user\": ...,\n                  \"customerId\": ...,\n                  \"customer\": ...,\n                  \"contactPerson\": ...,\n                  \"tenantId\": ...,\n                  \"tenant\": ...\n                }\n              ],\n              \"addresses\": [\n                {\n                  \"id\": ...,\n                  \"cityId\": ...,\n                  \"city\": ...,\n                  \"countryId\": ...,\n                  \"country\": ...,\n                  \"streetId\": ...,\n                  \"street\": ...,\n                  \"isPrimary\": ...,\n                  \"longitude\": ...,\n                  \"latitude\": ...,\n                  \"floor\": ...,\n                  \"streetNumber\": ...,\n                  \"unitNumber\": ...,\n                  \"state\": ...,\n                  \"postalCode\": ...,\n                  \"customerId\": ...,\n                  \"customer\": ...,\n                  \"tenantId\": ...,\n                  \"tenant\": ...\n                }\n              ],\n              \"phoneNumbers\": [\n                {\n                  \"id\": ...,\n                  \"number\": ...,\n                  \"countryCode\": ...,\n                  \"isPrimary\": ...,\n                  \"isVerified\": ...,\n                  \"createdAt\": ...,\n                  \"lastUpdatedAt\": ...,\n                  \"userId\": ...,\n                  \"user\": ...,\n                  \"customerId\": ...,\n                  \"customer\": ...,\n                  \"contactPerson\": ...,\n                  \"tenantId\": ...,\n                  \"tenant\": ...\n                }\n              ],\n              \"customer\": {\n                \"id\": 96,\n                \"customerType\": \"0\",\n                \"currentlyAtOnboardingFlowStep\": 96,\n                \"tenants\": [\n                  ...\n                ],\n                \"type\": \"example\",\n                \"vatNumber\": \"example\",\n                \"country\": \"example\",\n                \"contactPersons\": [\n                  ...\n                ],\n                \"stripeCustomerId\": \"example\",\n                \"stripeSubscriptionId\": \"example\",\n                \"vatId\": \"example\"\n              },\n              \"isActive\": true,\n              \"isPrimary\": true\n            }\n          ],\n          \"customer\": {\n            \"id\": 96,\n            \"customerType\": \"0\",\n            \"currentlyAtOnboardingFlowStep\": 96,\n            \"tenants\": [\n              {\n                \"id\": 96,\n                \"name\": \"example\",\n                \"description\": \"example\",\n                \"createdAt\": \"1971-04-26T12:26:06Z\",\n                \"lastUpdatedAt\": \"1971-04-26T12:26:06Z\",\n                \"isActive\": true,\n                \"isPrimary\": true,\n                \"email\": \"example\",\n                \"phone\": \"example\",\n                \"type\": \"example\",\n                \"vatNumber\": \"example\",\n                \"country\": \"example\",\n                \"contactPersons\": [\n                  ...\n                ],\n                \"customer\": {\n                  \"id\": ...,\n                  \"customerType\": ...,\n                  \"currentlyAtOnboardingFlowStep\": ...,\n                  \"tenants\": ...,\n                  \"type\": ...,\n                  \"vatNumber\": ...,\n                  \"country\": ...,\n                  \"contactPersons\": ...,\n                  \"stripeCustomerId\": ...,\n                  \"stripeSubscriptionId\": ...,\n                  \"vatId\": ...\n                },\n                \"users\": [\n                  ...\n                ],\n                \"teams\": [\n                  ...\n                ]\n              }\n            ],\n            \"type\": \"example\",\n            \"vatNumber\": \"example\",\n            \"country\": \"example\",\n            \"contactPersons\": [\n              {\n                \"id\": 96,\n                \"firstName\": \"example\",\n                \"lastName\": \"example\",\n                \"tenantId\": 96,\n                \"tenant\": {\n                  \"id\": ...,\n                  \"name\": ...,\n                  \"description\": ...,\n                  \"createdAt\": ...,\n                  \"lastUpdatedAt\": ...,\n                  \"isActive\": ...,\n                  \"isPrimary\": ...,\n                  \"email\": ...,\n                  \"phone\": ...,\n                  \"type\": ...,\n                  \"vatNumber\": ...,\n                  \"country\": ...,\n                  \"contactPersons\": ...,\n                  \"customer\": ...,\n                  \"users\": ...,\n                  \"teams\": ...\n                },\n                \"emailAddresses\": [\n                  ...\n                ],\n                \"addresses\": [\n                  ...\n                ],\n                \"phoneNumbers\": [\n                  ...\n                ],\n                \"customer\": {\n                  \"id\": ...,\n                  \"customerType\": ...,\n                  \"currentlyAtOnboardingFlowStep\": ...,\n                  \"tenants\": ...,\n                  \"type\": ...,\n                  \"vatNumber\": ...,\n                  \"country\": ...,\n                  \"contactPersons\": ...,\n                  \"stripeCustomerId\": ...,\n                  \"stripeSubscriptionId\": ...,\n                  \"vatId\": ...\n                },\n                \"isActive\": true,\n                \"isPrimary\": true\n              }\n            ],\n            \"stripeCustomerId\": \"example\",\n            \"stripeSubscriptionId\": \"example\",\n            \"vatId\": \"example\"\n          },\n          \"users\": [\n            {\n              \"id\": 96,\n              \"firstName\": \"example\",\n              \"lastName\": \"example\",\n              \"userName\": \"example\",\n              \"isActive\": true,\n              \"email\": \"example\",\n              \"createdAt\": \"1971-04-26T12:26:06Z\",\n              \"lastLogin\": \"1971-04-26T12:26:06Z\",\n              \"emailAddresses\": [\n                {\n                  \"id\": ...,\n                  \"address\": ...,\n                  \"userId\": ...,\n                  \"user\": ...,\n                  \"customerId\": ...,\n                  \"customer\": ...,\n                  \"contactPerson\": ...,\n                  \"tenantId\": ...,\n                  \"tenant\": ...\n                }\n              ],\n              \"addresses\": [\n                {\n                  \"id\": ...,\n                  \"cityId\": ...,\n                  \"city\": ...,\n                  \"countryId\": ...,\n                  \"country\": ...,\n                  \"streetId\": ...,\n                  \"street\": ...,\n                  \"isPrimary\": ...,\n                  \"longitude\": ...,\n                  \"latitude\": ...,\n                  \"floor\": ...,\n                  \"streetNumber\": ...,\n                  \"unitNumber\": ...,\n                  \"state\": ...,\n                  \"postalCode\": ...,\n                  \"customerId\": ...,\n                  \"customer\": ...,\n                  \"tenantId\": ...,\n                  \"tenant\": ...\n                }\n              ],\n              \"emailVerifications\": [\n                {\n                  \"id\": ...,\n                  \"token\": ...,\n                  \"createdAt\": ...,\n                  \"lastUpdatedAt\": ...,\n                  \"expireAt\": ...,\n                  \"hasBeenOpened\": ...,\n                  \"hasBeenVerified\": ...\n                }\n              ],\n              \"referralInvitations\": [\n                {\n                  \"id\": ...,\n                  \"token\": ...,\n                  \"referredEmailAddress\": ...,\n                  \"createdAt\": ...,\n                  \"lastUpdatedAt\": ...,\n                  \"expireAt\": ...,\n                  \"inviteIsUsed\": ...\n                }\n              ],\n              \"tenant\": {\n                \"id\": 96,\n                \"name\": \"example\",\n                \"description\": \"example\",\n                \"createdAt\": \"1971-04-26T12:26:06Z\",\n                \"lastUpdatedAt\": \"1971-04-26T12:26:06Z\",\n","pageTitle":"Request parameters","metaDescription":"","type":"Documentation","breadcrumbs":"🏗️ SaaS Factory///AppBlueprint///API Reference","root":0,"depth":3}