{"objectID":"_appproject_getappproject_id_get.html#_rjn7bv_11","parent":"_appproject_getappproject_id_get.html#_rjn7bv_11","pageViews":0,"url":"writerside-documentation/appproject-getappproject-id-get.html#-rjn7bv_11","mainTitle":"/AppProject/GetAppProject/{id} GET","product":"","headings":"/AppProject/GetAppProject/{id} GET,Request parameters","content":"Request parameters: Path \u0026lt;pre\u0026gt;\nContent-type: id\ninteger int32\n\u0026lt;/pre\u0026gt;\nRequest parameters: Header \u0026lt;pre\u0026gt;\nContent-type: Authorization\nnull Access token (Bearer \u0026lt;token\u0026gt;)\n\u0026lt;/pre\u0026gt;\n","pageTitle":"Request parameters","metaDescription":"","type":"Documentation","breadcrumbs":"🏗️ SaaS Factory///AppBlueprint///API Reference","root":0,"depth":3}