{"objectID":"_appproject_createappproject_post.html#dz6tjr_11","parent":"_appproject_createappproject_post.html#dz6tjr_10","pageViews":0,"url":"writerside-documentation/appproject-createappproject-post.html#dz6tjr_11","mainTitle":"/AppProject/CreateAppProject POST","product":"","headings":"/AppProject/CreateAppProject POST,Responses","content":"                \"lastUpdatedAt\": \"1971-04-26T12:26:06Z\",\n                \"userId\": 96,\n                \"user\": {\n                  \"id\": ...,\n                  \"firstName\": ...,\n                  \"lastName\": ...,\n                  \"userName\": ...,\n                  \"isActive\": ...,\n                  \"email\": ...,\n                  \"createdAt\": ...,\n                  \"lastLogin\": ...,\n                  \"emailAddresses\": ...,\n                  \"addresses\": ...,\n                  \"emailVerifications\": ...,\n                  \"referralInvitations\": ...,\n                  \"tenant\": ...,\n                  \"profile\": ...,\n                  \"roles\": ...\n                },\n                \"customerId\": 96,\n                \"customer\": {\n                  \"id\": ...,\n                  \"customerType\": ...,\n                  \"currentlyAtOnboardingFlowStep\": ...,\n                  \"tenants\": ...,\n                  \"type\": ...,\n                  \"vatNumber\": ...,\n                  \"country\": ...,\n                  \"contactPersons\": ...,\n                  \"stripeCustomerId\": ...,\n                  \"stripeSubscriptionId\": ...,\n                  \"vatId\": ...\n                },\n                \"contactPerson\": {\n                  \"id\": ...,\n                  \"firstName\": ...,\n                  \"lastName\": ...,\n                  \"tenantId\": ...,\n                  \"tenant\": ...,\n                  \"emailAddresses\": ...,\n                  \"addresses\": ...,\n                  \"phoneNumbers\": ...,\n                  \"customer\": ...,\n                  \"isActive\": ...,\n                  \"isPrimary\": ...\n                },\n                \"tenantId\": 96,\n                \"tenant\": {\n                  \"id\": ...,\n                  \"name\": ...,\n                  \"description\": ...,\n                  \"createdAt\": ...,\n                  \"lastUpdatedAt\": ...,\n                  \"isActive\": ...,\n                  \"isPrimary\": ...,\n                  \"email\": ...,\n                  \"phone\": ...,\n                  \"type\": ...,\n                  \"vatNumber\": ...,\n                  \"country\": ...,\n                  \"contactPersons\": ...,\n                  \"customer\": ...,\n                  \"users\": ...,\n                  \"teams\": ...\n                }\n              }\n            ],\n            \"customer\": {\n              \"id\": 96,\n              \"customerType\": \"0\",\n              \"currentlyAtOnboardingFlowStep\": 96,\n              \"tenants\": [\n                {\n                  \"id\": ...,\n                  \"name\": ...,\n                  \"description\": ...,\n                  \"createdAt\": ...,\n                  \"lastUpdatedAt\": ...,\n                  \"isActive\": ...,\n                  \"isPrimary\": ...,\n                  \"email\": ...,\n                  \"phone\": ...,\n                  \"type\": ...,\n                  \"vatNumber\": ...,\n                  \"country\": ...,\n                  \"contactPersons\": ...,\n                  \"customer\": ...,\n                  \"users\": ...,\n                  \"teams\": ...\n                }\n              ],\n              \"type\": \"example\",\n              \"vatNumber\": \"example\",\n              \"country\": \"example\",\n              \"contactPersons\": [\n                {\n                  \"id\": ...,\n                  \"firstName\": ...,\n                  \"lastName\": ...,\n                  \"tenantId\": ...,\n                  \"tenant\": ...,\n                  \"emailAddresses\": ...,\n                  \"addresses\": ...,\n                  \"phoneNumbers\": ...,\n                  \"customer\": ...,\n                  \"isActive\": ...,\n                  \"isPrimary\": ...\n                }\n              ],\n              \"stripeCustomerId\": \"example\",\n              \"stripeSubscriptionId\": \"example\",\n              \"vatId\": \"example\"\n            },\n            \"isActive\": true,\n            \"isPrimary\": true\n          }\n        ],\n        \"stripeCustomerId\": \"example\",\n        \"stripeSubscriptionId\": \"example\",\n        \"vatId\": \"example\"\n      }\n    ]\n  }\n]\n401 Unauthorized 403 Forbidden ","pageTitle":"Responses","metaDescription":"","type":"Documentation","breadcrumbs":"🏗️ SaaS Factory///AppBlueprint///API Reference","root":0,"depth":3}