{"objectID":"_appproject_updateappproject_id_put.html#_mot2xz_12","parent":"_appproject_updateappproject_id_put.html#_mot2xz_12","pageViews":0,"url":"writerside-documentation/appproject-updateappproject-id-put.html#-mot2xz_12","mainTitle":"/AppProject/UpdateAppProject/{id} PUT","product":"","headings":"/AppProject/UpdateAppProject/{id} PUT,Request parameters","content":"                \"firstName\": \"example\",\n                \"lastName\": \"example\",\n                \"tenantId\": 96,\n                \"tenant\": {\n                  \"id\": ...,\n                  \"name\": ...,\n                  \"description\": ...,\n                  \"createdAt\": ...,\n                  \"lastUpdatedAt\": ...,\n                  \"isActive\": ...,\n                  \"isPrimary\": ...,\n                  \"email\": ...,\n                  \"phone\": ...,\n                  \"type\": ...,\n                  \"vatNumber\": ...,\n                  \"country\": ...,\n                  \"contactPersons\": ...,\n                  \"customer\": ...,\n                  \"users\": ...,\n                  \"teams\": ...\n                },\n                \"emailAddresses\": [\n                  ...\n                ],\n                \"addresses\": [\n                  ...\n                ],\n                \"phoneNumbers\": [\n                  ...\n                ],\n                \"customer\": {\n                  \"id\": ...,\n                  \"customerType\": ...,\n                  \"currentlyAtOnboardingFlowStep\": ...,\n                  \"tenants\": ...,\n                  \"type\": ...,\n                  \"vatNumber\": ...,\n                  \"country\": ...,\n                  \"contactPersons\": ...,\n                  \"stripeCustomerId\": ...,\n                  \"stripeSubscriptionId\": ...,\n                  \"vatId\": ...\n                },\n                \"isActive\": true,\n                \"isPrimary\": true\n              },\n              \"tenantId\": 96,\n              \"tenant\": {\n                \"id\": 96,\n                \"name\": \"example\",\n                \"description\": \"example\",\n                \"createdAt\": \"1971-04-26T12:26:06Z\",\n                \"lastUpdatedAt\": \"1971-04-26T12:26:06Z\",\n                \"isActive\": true,\n                \"isPrimary\": true,\n                \"email\": \"example\",\n                \"phone\": \"example\",\n                \"type\": \"example\",\n                \"vatNumber\": \"example\",\n                \"country\": \"example\",\n                \"contactPersons\": [\n                  ...\n                ],\n                \"customer\": {\n                  \"id\": ...,\n                  \"customerType\": ...,\n                  \"currentlyAtOnboardingFlowStep\": ...,\n                  \"tenants\": ...,\n                  \"type\": ...,\n                  \"vatNumber\": ...,\n                  \"country\": ...,\n                  \"contactPersons\": ...,\n                  \"stripeCustomerId\": ...,\n                  \"stripeSubscriptionId\": ...,\n                  \"vatId\": ...\n                },\n                \"users\": [\n                  ...\n                ],\n                \"teams\": [\n                  ...\n                ]\n              }\n            }\n          ],\n          \"customer\": {\n            \"id\": 96,\n            \"customerType\": \"0\",\n            \"currentlyAtOnboardingFlowStep\": 96,\n            \"tenants\": [\n              {\n                \"id\": 96,\n                \"name\": \"example\",\n                \"description\": \"example\",\n                \"createdAt\": \"1971-04-26T12:26:06Z\",\n                \"lastUpdatedAt\": \"1971-04-26T12:26:06Z\",\n                \"isActive\": true,\n                \"isPrimary\": true,\n                \"email\": \"example\",\n                \"phone\": \"example\",\n                \"type\": \"example\",\n                \"vatNumber\": \"example\",\n                \"country\": \"example\",\n                \"contactPersons\": [\n                  ...\n                ],\n                \"customer\": {\n                  \"id\": ...,\n                  \"customerType\": ...,\n                  \"currentlyAtOnboardingFlowStep\": ...,\n                  \"tenants\": ...,\n                  \"type\": ...,\n                  \"vatNumber\": ...,\n                  \"country\": ...,\n                  \"contactPersons\": ...,\n                  \"stripeCustomerId\": ...,\n                  \"stripeSubscriptionId\": ...,\n                  \"vatId\": ...\n                },\n                \"users\": [\n                  ...\n                ],\n                \"teams\": [\n                  ...\n                ]\n              }\n            ],\n            \"type\": \"example\",\n            \"vatNumber\": \"example\",\n            \"country\": \"example\",\n            \"contactPersons\": [\n              {\n                \"id\": 96,\n                \"firstName\": \"example\",\n                \"lastName\": \"example\",\n                \"tenantId\": 96,\n                \"tenant\": {\n                  \"id\": ...,\n                  \"name\": ...,\n                  \"description\": ...,\n                  \"createdAt\": ...,\n                  \"lastUpdatedAt\": ...,\n                  \"isActive\": ...,\n                  \"isPrimary\": ...,\n                  \"email\": ...,\n                  \"phone\": ...,\n                  \"type\": ...,\n                  \"vatNumber\": ...,\n                  \"country\": ...,\n                  \"contactPersons\": ...,\n                  \"customer\": ...,\n                  \"users\": ...,\n                  \"teams\": ...\n                },\n                \"emailAddresses\": [\n                  ...\n                ],\n                \"addresses\": [\n                  ...\n                ],\n                \"phoneNumbers\": [\n                  ...\n                ],\n                \"customer\": {\n                  \"id\": ...,\n                  \"customerType\": ...,\n                  \"currentlyAtOnboardingFlowStep\": ...,\n                  \"tenants\": ...,\n                  \"type\": ...,\n                  \"vatNumber\": ...,\n                  \"country\": ...,\n                  \"contactPersons\": ...,\n                  \"stripeCustomerId\": ...,\n                  \"stripeSubscriptionId\": ...,\n                  \"vatId\": ...\n                },\n                \"isActive\": true,\n                \"isPrimary\": true\n              }\n            ],\n            \"stripeCustomerId\": \"example\",\n            \"stripeSubscriptionId\": \"example\",\n            \"vatId\": \"example\"\n          },\n          \"isActive\": true,\n          \"isPrimary\": true\n        }\n      ],\n      \"stripeCustomerId\": \"example\",\n      \"stripeSubscriptionId\": \"example\",\n      \"vatId\": \"example\"\n    }\n  ]\n}\n","pageTitle":"Request parameters","metaDescription":"","type":"Documentation","breadcrumbs":"🏗️ SaaS Factory///AppBlueprint///API Reference","root":0,"depth":3}