{"objectID":"_appproject_createappproject_post.html#dz6tjr_10","parent":"_appproject_createappproject_post.html#dz6tjr_10","pageViews":0,"url":"writerside-documentation/appproject-createappproject-post.html#dz6tjr_10","mainTitle":"/AppProject/CreateAppProject POST","product":"","headings":"/AppProject/CreateAppProject POST,Request parameters","content":"                        cityId: integer int32\n                        city: null\n                        countryId: integer int32\n                        country: null\n                        streetId: integer int32\n                        street: null\n                        isPrimary: boolean\n                        longitude: string\n                        latitude: string\n                        floor: string\n                        streetNumber: string\n                        unitNumber: string\n                        state: string\n                        postalCode: string\n                        customerId: integer int32\n                        customer: CustomerEntity\n                        tenantId: integer int32\n                        tenant: TenantEntity\n                     phoneNumbers: Array of PhoneNumberEntity\n                        id: integer int32\n                        number: string\n                        countryCode: string\n                        isPrimary: boolean\n                        isVerified: boolean\n                        createdAt: string date-time\n                        lastUpdatedAt: string date-time\n                        userId: integer int32\n                        user: UserEntity\n                        customerId: integer int32\n                        customer: CustomerEntity\n                        contactPerson: ContactPersonEntity\n                        tenantId: integer int32\n                        tenant: TenantEntity\n                     customer: CustomerEntity\n                     isActive: boolean\n                     isPrimary: boolean\n                  tenantId: integer int32\n                  tenant: TenantEntity\n               addresses: Array of AddressEntity\n                  id: integer int32\n                  cityId: integer int32\n                  city: CityEntity\n                     id: integer int32\n                     name: string\n                     countryId: integer int32\n                     country: CountryEntity\n                        id: integer int32\n                        name: string\n                        isoCode: null\n                        cities: Array of CityEntity\n                        cityId: string\n                        globalRegion: null\n                        globalRegionId: integer int32\n                     postalCode: string\n                     state: StateEntity\n                        id: integer int32\n                        name: string\n                        isoCode: string\n                        countryId: integer int32\n                        country: null\n                     stateId: integer int32\n                  countryId: integer int32\n                  country: CountryEntity\n                     id: integer int32\n                     name: string\n                     isoCode: IsoCodeEnum\n                        0: null\n                        1: null\n                     cities: Array of CityEntity\n                        id: integer int32\n                        name: string\n                        countryId: integer int32\n                        country: CountryEntity\n                        postalCode: string\n                        state: null\n                        stateId: integer int32\n                     cityId: string\n                     globalRegion: GlobalRegionEntity\n                        id: integer int32\n                        name: string\n                        countries: Array of CountryEntity\n                     globalRegionId: integer int32\n                  streetId: integer int32\n                  street: StreetEntity\n                     id: integer int32\n                     name: string\n                     city: CityEntity\n                        id: integer int32\n                        name: string\n                        countryId: integer int32\n                        country: null\n                        postalCode: string\n                        state: null\n                        stateId: integer int32\n                     cityId: integer int32\n                     country: CityEntity\n                        id: integer int32\n                        name: string\n                        countryId: integer int32\n                        country: null\n                        postalCode: string\n                        state: null\n                        stateId: integer int32\n                     countryId: integer int32\n                  isPrimary: boolean\n                  longitude: string\n                  latitude: string\n                  floor: string\n                  streetNumber: string\n                  unitNumber: string\n                  state: string\n                  postalCode: string\n                  customerId: integer int32\n                  customer: CustomerEntity\n                  tenantId: integer int32\n                  tenant: TenantEntity\n               emailVerifications: Array of EmailVerificationEntity\n                  id: integer int32\n                  token: string\n                  createdAt: string date-time\n                  lastUpdatedAt: string date-time\n                  expireAt: string date-time\n                  hasBeenOpened: boolean\n                  hasBeenVerified: boolean\n               referralInvitations: Array of EmailInviteEntity\n                  id: integer int32\n                  token: string\n                  referredEmailAddress: string\n                  createdAt: string date-time\n                  lastUpdatedAt: string date-time\n                  expireAt: string date-time\n                  inviteIsUsed: boolean\n               tenant: TenantEntity\n               profile: ProfileEntity\n                  id: integer int32\n                  firstName: string\n                  lastName: string\n                  dateOfBirth: string date-time\n                  gender: Gender\n                     0: null\n                     1: null\n                  userName: string\n                  isActive: boolean\n                  createdAt: string date-time\n                  lastLogin: string date-time\n                  language: string\n                  timezone: string date-time\n                  avatar: string\n                  slug: string\n               roles: Array of RoleEntity\n                  id: integer int32\n                  name: string\n                  description: string\n                  createdAt: string date-time\n                  lastUpdatedAt: string date-time\n                  permissions: Array of PermissionEntity\n                     id: integer int32\n                     name: string\n                     description: string\n                     createdAt: string date-time\n                     lastUpdatedAt: string date-time\n            name: string\n            isActive: boolean\n            description: string\n            createdAt: string date-time\n            lastUpdatedAt: string date-time\n            teamMembers: Array of TeamMemberEntity\n               id: integer int32\n               alias: string\n               isActive: boolean\n               userId: integer int32\n               user: UserEntity\n                  id: integer int32\n                  firstName: string\n                  lastName: string\n                  userName: string\n                  isActive: boolean\n                  email: string\n                  createdAt: string date-time\n                  lastLogin: string date-time\n                  emailAddresses: Array of EmailAddressEntity\n                     id: integer int32\n                     address: string\n                     userId: integer int32\n                     user: UserEntity\n                     customerId: integer int32\n                     customer: CustomerEntity\n                     contactPerson: ContactPersonEntity\n                        id: integer int32\n                        firstName: string\n                        lastName: string\n                        tenantId: integer int32\n                        tenant: TenantEntity\n                        emailAddresses: Array of EmailAddressEntity\n                        addresses: Array of AddressEntity\n                        phoneNumbers: Array of PhoneNumberEntity\n                        customer: CustomerEntity\n                        isActive: boolean\n                        isPrimary: boolean\n                     tenantId: integer int32\n                     tenant: TenantEntity\n","pageTitle":"Request parameters","metaDescription":"","type":"Documentation","breadcrumbs":"🏗️ SaaS Factory///AppBlueprint///API Reference","root":0,"depth":3}