{"objectID":"_appproject_deleteappproject_id_delete.html#_glnbqj_11","parent":"_appproject_deleteappproject_id_delete.html#_glnbqj_11","pageViews":0,"url":"writerside-documentation/appproject-deleteappproject-id-delete.html#-glnbqj_11","mainTitle":"/AppProject/DeleteAppProject/{id} DELETE","product":"","headings":"/AppProject/DeleteAppProject/{id} DELETE,Request parameters","content":"Request parameters: Path \u0026lt;pre\u0026gt;\nContent-type: id\ninteger int32\n\u0026lt;/pre\u0026gt;\nRequest parameters: Header \u0026lt;pre\u0026gt;\nContent-type: Authorization\nnull Access token (Bearer \u0026lt;token\u0026gt;)\n\u0026lt;/pre\u0026gt;\n","pageTitle":"Request parameters","metaDescription":"","type":"Documentation","breadcrumbs":"🏗️ SaaS Factory///AppBlueprint///API Reference","root":0,"depth":3}