{"objectID":"_appproject_createappproject_post.html#dz6tjr_10","parent":"_appproject_createappproject_post.html#dz6tjr_10","pageViews":0,"url":"writerside-documentation/appproject-createappproject-post.html#dz6tjr_10","mainTitle":"/AppProject/CreateAppProject POST","product":"","headings":"/AppProject/CreateAppProject POST,Request parameters","content":"                     avatar: string\n                     slug: string\n                  roles: Array of RoleEntity\n                     id: integer int32\n                     name: string\n                     description: string\n                     createdAt: string date-time\n                     lastUpdatedAt: string date-time\n                     permissions: Array of PermissionEntity\n                        id: integer int32\n                        name: string\n                        description: string\n                        createdAt: string date-time\n                        lastUpdatedAt: string date-time\n               teams: Array of TeamEntity\n                  id: integer int32\n                  owner: UserEntity\n                     id: integer int32\n                     firstName: string\n                     lastName: string\n                     userName: string\n                     isActive: boolean\n                     email: string\n                     createdAt: string date-time\n                     lastLogin: string date-time\n                     emailAddresses: Array of EmailAddressEntity\n                        id: integer int32\n                        address: string\n                        userId: integer int32\n                        user: UserEntity\n                        customerId: integer int32\n                        customer: CustomerEntity\n                        contactPerson: ContactPersonEntity\n                        tenantId: integer int32\n                        tenant: TenantEntity\n                     addresses: Array of AddressEntity\n                        id: integer int32\n                        cityId: integer int32\n                        city: null\n                        countryId: integer int32\n                        country: null\n                        streetId: integer int32\n                        street: null\n                        isPrimary: boolean\n                        longitude: string\n                        latitude: string\n                        floor: string\n                        streetNumber: string\n                        unitNumber: string\n                        state: string\n                        postalCode: string\n                        customerId: integer int32\n                        customer: CustomerEntity\n                        tenantId: integer int32\n                        tenant: TenantEntity\n                     emailVerifications: Array of EmailVerificationEntity\n                        id: integer int32\n                        token: string\n                        createdAt: string date-time\n                        lastUpdatedAt: string date-time\n                        expireAt: string date-time\n                        hasBeenOpened: boolean\n                        hasBeenVerified: boolean\n                     referralInvitations: Array of EmailInviteEntity\n                        id: integer int32\n                        token: string\n                        referredEmailAddress: string\n                        createdAt: string date-time\n                        lastUpdatedAt: string date-time\n                        expireAt: string date-time\n                        inviteIsUsed: boolean\n                     tenant: TenantEntity\n                     profile: ProfileEntity\n                        id: integer int32\n                        firstName: string\n                        lastName: string\n                        dateOfBirth: string date-time\n                        gender: null\n                        userName: string\n                        isActive: boolean\n                        createdAt: string date-time\n                        lastLogin: string date-time\n                        language: string\n                        timezone: string date-time\n                        avatar: string\n                        slug: string\n                     roles: Array of RoleEntity\n                        id: integer int32\n                        name: string\n                        description: string\n                        createdAt: string date-time\n                        lastUpdatedAt: string date-time\n                        permissions: Array of PermissionEntity\n                  name: string\n                  isActive: boolean\n                  description: string\n                  createdAt: string date-time\n                  lastUpdatedAt: string date-time\n                  teamMembers: Array of TeamMemberEntity\n                     id: integer int32\n                     alias: string\n                     isActive: boolean\n                     userId: integer int32\n                     user: UserEntity\n                        id: integer int32\n                        firstName: string\n                        lastName: string\n                        userName: string\n                        isActive: boolean\n                        email: string\n                        createdAt: string date-time\n                        lastLogin: string date-time\n                        emailAddresses: Array of EmailAddressEntity\n                        addresses: Array of AddressEntity\n                        emailVerifications: Array of EmailVerificationEntity\n                        referralInvitations: Array of EmailInviteEntity\n                        tenant: TenantEntity\n                        profile: null\n                        roles: Array of RoleEntity\n                     teamId: integer int32\n                     team: TeamEntity\n                  teamInvites: Array of TeamInviteEntity\n                     id: integer int32\n                     teamId: integer int32\n                     team: TeamEntity\n                     owner: UserEntity\n                        id: integer int32\n                        firstName: string\n                        lastName: string\n                        userName: string\n                        isActive: boolean\n                        email: string\n                        createdAt: string date-time\n                        lastLogin: string date-time\n                        emailAddresses: Array of EmailAddressEntity\n                        addresses: Array of AddressEntity\n                        emailVerifications: Array of EmailVerificationEntity\n                        referralInvitations: Array of EmailInviteEntity\n                        tenant: TenantEntity\n                        profile: null\n                        roles: Array of RoleEntity\n                     expireAt: string date-time\n                     isActive: boolean\n                     createdAt: string date-time\n                  tenant: TenantEntity\n                  tenantId: integer int32\n         customer: CustomerEntity\n         isActive: boolean\n         isPrimary: boolean\n      stripeCustomerId: string\n      stripeSubscriptionId: string\n      vatId: string\n\u0026lt;/pre\u0026gt;\n{\n  \"id\": 96,\n  \"name\": \"example\",\n  \"isActive\": true,\n  \"description\": \"example\",\n  \"createdAt\": \"1971-04-26T12:26:06Z\",\n  \"lastUpdatedAt\": \"1971-04-26T12:26:06Z\",\n  \"category\": \"example\",\n  \"databaseConnectionString\": \"example\",\n  \"customers\": [\n    {\n      \"id\": 96,\n      \"customerType\": \"0\",\n      \"currentlyAtOnboardingFlowStep\": 96,\n      \"tenants\": [\n        {\n          \"id\": 96,\n          \"name\": \"example\",\n          \"description\": \"example\",\n          \"createdAt\": \"1971-04-26T12:26:06Z\",\n          \"lastUpdatedAt\": \"1971-04-26T12:26:06Z\",\n          \"isActive\": true,\n          \"isPrimary\": true,\n          \"email\": \"example\",\n          \"phone\": \"example\",\n          \"type\": \"example\",\n          \"vatNumber\": \"example\",\n          \"country\": \"example\",\n          \"contactPersons\": [\n            {\n              \"id\": 96,\n              \"firstName\": \"example\",\n              \"lastName\": \"example\",\n              \"tenantId\": 96,\n              \"tenant\": {\n                \"id\": 96,\n                \"name\": \"example\",\n                \"description\": \"example\",\n                \"createdAt\": \"1971-04-26T12:26:06Z\",\n                \"lastUpdatedAt\": \"1971-04-26T12:26:06Z\",\n                \"isActive\": true,\n                \"isPrimary\": true,\n                \"email\": \"example\",\n                \"phone\": \"example\",\n                \"type\": \"example\",\n                \"vatNumber\": \"example\",\n                \"country\": \"example\",\n                \"contactPersons\": [\n                  ...\n                ],\n                \"customer\": {\n                  \"id\": ...,\n","pageTitle":"Request parameters","metaDescription":"","type":"Documentation","breadcrumbs":"🏗️ SaaS Factory///AppBlueprint///API Reference","root":0,"depth":3}