{"objectID":"_appproject_getappprojects_get.html#ruqwzw_11","parent":"_appproject_getappprojects_get.html#ruqwzw_10","pageViews":0,"url":"writerside-documentation/appproject-getappprojects-get.html#ruqwzw_11","mainTitle":"/AppProject/GetAppProjects GET","product":"","headings":"/AppProject/GetAppProjects GET,Responses","content":"                  \"description\": ...,\n                  \"createdAt\": ...,\n                  \"lastUpdatedAt\": ...,\n                  \"isActive\": ...,\n                  \"isPrimary\": ...,\n                  \"email\": ...,\n                  \"phone\": ...,\n                  \"type\": ...,\n                  \"vatNumber\": ...,\n                  \"country\": ...,\n                  \"contactPersons\": ...,\n                  \"customer\": ...,\n                  \"users\": ...,\n                  \"teams\": ...\n                },\n                \"tenantId\": 96\n              }\n            ]\n          }\n        ],\n        \"type\": \"example\",\n        \"vatNumber\": \"example\",\n        \"country\": \"example\",\n        \"contactPersons\": [\n          {\n            \"id\": 96,\n            \"firstName\": \"example\",\n            \"lastName\": \"example\",\n            \"tenantId\": 96,\n            \"tenant\": {\n              \"id\": 96,\n              \"name\": \"example\",\n              \"description\": \"example\",\n              \"createdAt\": \"1971-04-26T12:26:06Z\",\n              \"lastUpdatedAt\": \"1971-04-26T12:26:06Z\",\n              \"isActive\": true,\n              \"isPrimary\": true,\n              \"email\": \"example\",\n              \"phone\": \"example\",\n              \"type\": \"example\",\n              \"vatNumber\": \"example\",\n              \"country\": \"example\",\n              \"contactPersons\": [\n                {\n                  \"id\": ...,\n                  \"firstName\": ...,\n                  \"lastName\": ...,\n                  \"tenantId\": ...,\n                  \"tenant\": ...,\n                  \"emailAddresses\": ...,\n                  \"addresses\": ...,\n                  \"phoneNumbers\": ...,\n                  \"customer\": ...,\n                  \"isActive\": ...,\n                  \"isPrimary\": ...\n                }\n              ],\n              \"customer\": {\n                \"id\": 96,\n                \"customerType\": \"0\",\n                \"currentlyAtOnboardingFlowStep\": 96,\n                \"tenants\": [\n                  ...\n                ],\n                \"type\": \"example\",\n                \"vatNumber\": \"example\",\n                \"country\": \"example\",\n                \"contactPersons\": [\n                  ...\n                ],\n                \"stripeCustomerId\": \"example\",\n                \"stripeSubscriptionId\": \"example\",\n                \"vatId\": \"example\"\n              },\n              \"users\": [\n                {\n                  \"id\": ...,\n                  \"firstName\": ...,\n                  \"lastName\": ...,\n                  \"userName\": ...,\n                  \"isActive\": ...,\n                  \"email\": ...,\n                  \"createdAt\": ...,\n                  \"lastLogin\": ...,\n                  \"emailAddresses\": ...,\n                  \"addresses\": ...,\n                  \"emailVerifications\": ...,\n                  \"referralInvitations\": ...,\n                  \"tenant\": ...,\n                  \"profile\": ...,\n                  \"roles\": ...\n                }\n              ],\n              \"teams\": [\n                {\n                  \"id\": ...,\n                  \"owner\": ...,\n                  \"name\": ...,\n                  \"isActive\": ...,\n                  \"description\": ...,\n                  \"createdAt\": ...,\n                  \"lastUpdatedAt\": ...,\n                  \"teamMembers\": ...,\n                  \"teamInvites\": ...,\n                  \"tenant\": ...,\n                  \"tenantId\": ...\n                }\n              ]\n            },\n            \"emailAddresses\": [\n              {\n                \"id\": 96,\n                \"address\": \"example\",\n                \"userId\": 96,\n                \"user\": {\n                  \"id\": ...,\n                  \"firstName\": ...,\n                  \"lastName\": ...,\n                  \"userName\": ...,\n                  \"isActive\": ...,\n                  \"email\": ...,\n                  \"createdAt\": ...,\n                  \"lastLogin\": ...,\n                  \"emailAddresses\": ...,\n                  \"addresses\": ...,\n                  \"emailVerifications\": ...,\n                  \"referralInvitations\": ...,\n                  \"tenant\": ...,\n                  \"profile\": ...,\n                  \"roles\": ...\n                },\n                \"customerId\": 96,\n                \"customer\": {\n                  \"id\": ...,\n                  \"customerType\": ...,\n                  \"currentlyAtOnboardingFlowStep\": ...,\n                  \"tenants\": ...,\n                  \"type\": ...,\n                  \"vatNumber\": ...,\n                  \"country\": ...,\n                  \"contactPersons\": ...,\n                  \"stripeCustomerId\": ...,\n                  \"stripeSubscriptionId\": ...,\n                  \"vatId\": ...\n                },\n                \"contactPerson\": {\n                  \"id\": ...,\n                  \"firstName\": ...,\n                  \"lastName\": ...,\n                  \"tenantId\": ...,\n                  \"tenant\": ...,\n                  \"emailAddresses\": ...,\n                  \"addresses\": ...,\n                  \"phoneNumbers\": ...,\n                  \"customer\": ...,\n                  \"isActive\": ...,\n                  \"isPrimary\": ...\n                },\n                \"tenantId\": 96,\n                \"tenant\": {\n                  \"id\": ...,\n                  \"name\": ...,\n                  \"description\": ...,\n                  \"createdAt\": ...,\n                  \"lastUpdatedAt\": ...,\n                  \"isActive\": ...,\n                  \"isPrimary\": ...,\n                  \"email\": ...,\n                  \"phone\": ...,\n                  \"type\": ...,\n                  \"vatNumber\": ...,\n                  \"country\": ...,\n                  \"contactPersons\": ...,\n                  \"customer\": ...,\n                  \"users\": ...,\n                  \"teams\": ...\n                }\n              }\n            ],\n            \"addresses\": [\n              {\n                \"id\": 96,\n                \"cityId\": 96,\n                \"city\": {\n                  \"id\": ...,\n                  \"name\": ...,\n                  \"countryId\": ...,\n                  \"country\": ...,\n                  \"postalCode\": ...,\n                  \"state\": ...,\n                  \"stateId\": ...\n                },\n                \"countryId\": 96,\n                \"country\": {\n                  \"id\": ...,\n                  \"name\": ...,\n                  \"isoCode\": ...,\n                  \"cities\": ...,\n                  \"cityId\": ...,\n                  \"globalRegion\": ...,\n                  \"globalRegionId\": ...\n                },\n                \"streetId\": 96,\n                \"street\": {\n                  \"id\": ...,\n                  \"name\": ...,\n                  \"city\": ...,\n                  \"cityId\": ...,\n                  \"country\": ...,\n                  \"countryId\": ...\n                },\n                \"isPrimary\": true,\n                \"longitude\": \"example\",\n                \"latitude\": \"example\",\n                \"floor\": \"example\",\n                \"streetNumber\": \"example\",\n                \"unitNumber\": \"example\",\n                \"state\": \"example\",\n                \"postalCode\": \"example\",\n                \"customerId\": 96,\n                \"customer\": {\n                  \"id\": ...,\n                  \"customerType\": ...,\n                  \"currentlyAtOnboardingFlowStep\": ...,\n                  \"tenants\": ...,\n                  \"type\": ...,\n                  \"vatNumber\": ...,\n                  \"country\": ...,\n                  \"contactPersons\": ...,\n                  \"stripeCustomerId\": ...,\n                  \"stripeSubscriptionId\": ...,\n                  \"vatId\": ...\n                },\n                \"tenantId\": 96,\n                \"tenant\": {\n                  \"id\": ...,\n                  \"name\": ...,\n                  \"description\": ...,\n                  \"createdAt\": ...,\n                  \"lastUpdatedAt\": ...,\n                  \"isActive\": ...,\n                  \"isPrimary\": ...,\n                  \"email\": ...,\n                  \"phone\": ...,\n                  \"type\": ...,\n                  \"vatNumber\": ...,\n                  \"country\": ...,\n                  \"contactPersons\": ...,\n                  \"customer\": ...,\n                  \"users\": ...,\n                  \"teams\": ...\n                }\n              }\n            ],\n            \"phoneNumbers\": [\n              {\n                \"id\": 96,\n                \"number\": \"example\",\n                \"countryCode\": \"example\",\n                \"isPrimary\": true,\n                \"isVerified\": true,\n                \"createdAt\": \"1971-04-26T12:26:06Z\",\n","pageTitle":"Responses","metaDescription":"","type":"Documentation","breadcrumbs":"🏗️ SaaS Factory///AppBlueprint///API Reference","root":0,"depth":3}