{"objectID":"_cloudflare_worker_readme.html#development","parent":"_cloudflare_worker_readme.html#get_started","pageViews":0,"url":"writerside-documentation/cloudflare-worker-readme.html#development","mainTitle":"Cloudflare Workers OpenAPI 3.1","product":"","headings":"Cloudflare Workers OpenAPI 3.1,Development","content":"2. Run wrangler dev to start a local instance of the API. 4. Open http://localhost:8787/ in your browser to see the Swagger interface where you can try the endpoints. 6. Changes made in the src/ folder will automatically trigger the server to reload, you only need to refresh the Swagger interface. ","pageTitle":"Development","metaDescription":"","type":"Documentation","breadcrumbs":"🏗️ SaaS Factory///AppBlueprint///cloudflare-worker","root":0,"depth":3}