{"objectID":"_cloudflare_worker_readme.html#cloudflare_worker_README.md","parent":"_cloudflare_worker_readme.html#get_started","pageViews":0,"url":"writerside-documentation/cloudflare-worker-readme.html#cloudflare-worker_README.md","mainTitle":"Cloudflare Workers OpenAPI 3.1","product":"","headings":"Cloudflare Workers OpenAPI 3.1","content":"This is a Cloudflare Worker with OpenAPI 3.1 using chanfana and Hono.\nThis is an example project made to be used as a quick start into building OpenAPI compliant Workers that generates the openapi.json schema automatically from code and validates the incoming request to the defined parameters or request body.\n","pageTitle":"Cloudflare Workers OpenAPI 3.1","metaDescription":"","type":"Documentation","breadcrumbs":"🏗️ SaaS Factory///AppBlueprint///cloudflare-worker","root":0,"depth":3}