{"objectID":"_cloudflare_worker_readme.html#get_started","parent":"_cloudflare_worker_readme.html#get_started","pageViews":0,"url":"writerside-documentation/cloudflare-worker-readme.html#get-started","mainTitle":"Cloudflare Workers OpenAPI 3.1","product":"","headings":"Cloudflare Workers OpenAPI 3.1,Get started","content":"2. Sign up for Cloudflare Workers. The free tier is more than enough for most use cases. 4. Clone this project and install dependencies with npm install 6. Run wrangler login to login to your Cloudflare account in wrangler 8. Run wrangler deploy to publish the API to Cloudflare Workers ","pageTitle":"Get started","metaDescription":"","type":"Documentation","breadcrumbs":"🏗️ SaaS Factory///AppBlueprint///cloudflare-worker","root":0,"depth":3}