{"objectID":"_code_appblueprint_readme.html#you_can_add_a_header","parent":"_code_appblueprint_readme.html#directory_packages","pageViews":0,"url":"writerside-documentation/code-appblueprint-readme.html#you-can-add-a-header","mainTitle":"Base runtime image","product":"","headings":"Base runtime image,You can add a header","content":"You can add text within a collapsed section.\nYou can add an image or a code block, too.\nputs \"Hello World\"\n","pageTitle":"You can add a header","metaDescription":"","type":"Documentation","breadcrumbs":"","root":0,"depth":0}