{"objectID":"_code_readme.html#recommended_optional_tools","parent":"_code_readme.html#components","pageViews":0,"url":"writerside-documentation/code-readme.html#recommended-optional-tools","mainTitle":"👨‍💻 Development workflow","product":"","headings":"👨‍💻 Development workflow,🛠️ Recommended optional tools","content":"@(\n    \"xxx\",\n) | ForEach-Object { winget install --accept-package-agreements --accept-source-agreements --id $_ }      \n","pageTitle":"🛠️ Recommended optional tools","metaDescription":"","type":"Documentation","breadcrumbs":"🏗️ SaaS Factory///AppBlueprint","root":0,"depth":2}