{"objectID":"_code_readme.html#port_mappings","parent":"_code_readme.html#components","pageViews":0,"url":"writerside-documentation/code-readme.html#port-mappings","mainTitle":"👨‍💻 Development workflow","product":"","headings":"👨‍💻 Development workflow,🛜 Port mappings","content":"Project Url\nAppHost https://localhost:17298\nWeb https://localhost:8083, http://localhost:8082\nApi https://localhost:8081/api, http://localhost:8080/api\nGateway https://localhost:8085/gw/health, http://localhost:8084/gw/health\nswagger-ui.png https://localhost:8081/index.html\nSwagger json file:\nswagger-json.png https://localhost:8081/swagger/v1/swagger.json\nPort mappings are determined in order of this precendence from highest to lowest:\n- Command-line arguments (eg. dotnet run --urls \u0026quot;http://localhost:5000\u0026quot;)\n- Code-level configuration (eg. builder.WebHost.ConfigureKestrel(...))\n- Launchsettings.json / Environment variables (eg. ASPNETCORE_URLS)\n- Appsettings.json files (eg. appsettings.json/appsettings..json)\n","pageTitle":"🛜 Port mappings","metaDescription":"","type":"Documentation","breadcrumbs":"🏗️ SaaS Factory///AppBlueprint","root":0,"depth":2}