{"objectID":"_code_readme.html#components","parent":"_code_readme.html#components","pageViews":0,"url":"writerside-documentation/code-readme.html#components","mainTitle":"👨‍💻 Development workflow","product":"","headings":"👨‍💻 Development workflow,⚙️ Components","content":"- Swagger API UI - NuGet.Config - Directory.Build.props - Directory.Packages.props ","pageTitle":"⚙️ Components","metaDescription":"","type":"Documentation","breadcrumbs":"🏗️ SaaS Factory///AppBlueprint","root":0,"depth":2}