{"objectID":"_code_appblueprint_readme.html#package_versioning_nuget_docker","parent":"_code_appblueprint_readme.html#directory_packages","pageViews":0,"url":"writerside-documentation/code-appblueprint-readme.html#package-versioning-nuget-docker","mainTitle":"Base runtime image","product":"","headings":"Base runtime image,Package versioning (Nuget, Docker)","content":"Set this property in the .csproj file of a C# project to enable automatic versioning using the gitversion tool:\n\u0026lt;PropertyGroup\u0026gt;\n        \u0026lt;Version\u0026gt;$(GITVERSION_SemVer)\u0026lt;/Version\u0026gt;\n\u0026lt;/PropertyGroup\u0026gt;\nAdd these steps in the Workflow for publishing packages to Github at .github/workflows/publish-nuget-packages-github-packages.yml:\n- name: Install GitVersion\n        run: dotnet tool install --global GitVersion.Tool\n\n      - name: Debug GitVersion Output\n        run: |\n          dotnet-gitversion /output json || echo \"GitVersion failed!\"\n\n      - name: Determine Version\n        id: gitversion\n        run: |\n          RAW_VERSION\u003d$(dotnet-gitversion /output json 2\u0026gt;/dev/null || echo \u0027{}\u0027)\n          echo \"Raw GitVersion Output: $RAW_VERSION\"\n          VERSION\u003d$(echo \"$RAW_VERSION\" | jq -r \u0027.SemVer // empty\u0027)\n          \n          if [[ -z \"$VERSION\" ]]; then\n            echo \"GitVersion failed to generate a version. Check Git tags and branch naming.\"\n            exit 1\n          fi\n          \n          echo \"VERSION\u003d$VERSION\" \u0026gt;\u0026gt; $GITHUB_ENV\n        shell: bash\n","pageTitle":"Package versioning (Nuget, Docker)","metaDescription":"","type":"Documentation","breadcrumbs":"","root":0,"depth":0}