{"objectID":"_code_appblueprint_readme.html#login_to_github_registry_on_coolify_vm","parent":"_code_appblueprint_readme.html#directory_packages","pageViews":0,"url":"writerside-documentation/code-appblueprint-readme.html#login-to-github-registry-on-coolify-vm","mainTitle":"Base runtime image","product":"","headings":"Base runtime image,Login to Github registry on Coolify VM","content":"$: docker login ghcr.io -u Trubador\n$: Password:\n$: WARNING! Your password will be stored unencrypted in /root/.docker/config.json.\n$: Configure a credential helper to remove this warning. See\n$: https://docs.docker.com/engine/reference/commandline/login/#credentials-store\n$: Login Succeeded\n2. First list item - First nested list item - Second nested list item [!NOTE] Useful information that users should know, even when skimming content.\n[!TIP] Helpful advice for doing things better or more easily.\n[!IMPORTANT] Key information users need to know to achieve their goal.\n[!WARNING] Urgent info that needs immediate user attention to avoid problems.\n[!CAUTION] Advises about risks or negative outcomes of certain actions.\n### You can add a header ","pageTitle":"Login to Github registry on Coolify VM","metaDescription":"","type":"Documentation","breadcrumbs":"","root":0,"depth":0}