{"objectID":"_code_appblueprint_readme.html#nuget_config","parent":"_code_appblueprint_readme.html#directory_packages","pageViews":0,"url":"writerside-documentation/code-appblueprint-readme.html#nuget-config","mainTitle":"Base runtime image","product":"","headings":"Base runtime image,NuGet.Config","content":"Location: Code/AppBlueprint/NuGet.Config\n\u0026lt;?xml version\u003d\"1.0\" encoding\u003d\"utf-8\"?\u0026gt;\n\u0026lt;configuration\u0026gt;\n    \u0026lt;packageSources\u0026gt;\n        \u0026lt;add key\u003d\"nuget.org\" value\u003d\"https://api.nuget.org/v3/index.json\" protocolVersion\u003d\"3\" /\u0026gt;\n        \u0026lt;!-- \u0026lt;add key\u003d\"LocalNugetFeed\" value\u003d\"C:\\Development\\LocalNugetFeed\" /\u0026gt; --\u0026gt;\n        \u0026lt;add key\u003d\"trubador-github\" value\u003d\"https://nuget.pkg.github.com/Trubador/index.json\" /\u0026gt;\n    \u0026lt;/packageSources\u0026gt;\n\n    \u0026lt;packageSourceMapping\u0026gt;\n        \u0026lt;packageSource key\u003d\"nuget.org\"\u0026gt;\n            \u0026lt;package pattern\u003d\"*\" /\u0026gt;            \n        \u0026lt;/packageSource\u0026gt;\n        \u0026lt;!-- \u0026lt;packageSource key\u003d\"LocalNugetFeed\"\u0026gt; --\u0026gt;\n        \u0026lt;!--     \u0026lt;package pattern\u003d\"*\" /\u0026gt; --\u0026gt;\n        \u0026lt;!-- \u0026lt;/packageSource\u0026gt; --\u0026gt;\n        \u0026lt;packageSource key\u003d\"trubador-github\"\u0026gt;\n            \u0026lt;package pattern\u003d\"AppBlueprint.*\" /\u0026gt;\n            \u0026lt;package pattern\u003d\"SaaS-Factory.*\" /\u0026gt;\n        \u0026lt;/packageSource\u0026gt;\n    \u0026lt;/packageSourceMapping\u0026gt;\n\n    \u0026lt;config\u0026gt;\n        \u0026lt;add key\u003d\"globalPackagesFolder\" value\u003d\"packages\" /\u0026gt;\n    \u0026lt;/config\u0026gt;\n\n    \u0026lt;packageSourceCredentials\u0026gt;\n        \u0026lt;trubador-github\u0026gt;\n            \u0026lt;add key\u003d\"Username\" value\u003d\"Trubador\" /\u0026gt;\n            \u0026lt;add key\u003d\"ClearTextPassword\" value\u003d\"%GITHUB_TRUBADOR_PAT%\"  /\u0026gt;\n        \u0026lt;/trubador-github\u0026gt;\n    \u0026lt;/packageSourceCredentials\u0026gt;\n\u0026lt;/configuration\u0026gt;\n\n","pageTitle":"NuGet.Config","metaDescription":"","type":"Documentation","breadcrumbs":"","root":0,"depth":0}