{"objectID":"_code_appblueprint_readme.html#dockerfile","parent":"_code_appblueprint_readme.html#directory_packages","pageViews":0,"url":"writerside-documentation/code-appblueprint-readme.html#dockerfile","mainTitle":"Base runtime image","product":"","headings":"Base runtime image,Dockerfile","content":"Building a Dockerfile:\ncd Code/AppBlueprint\ndocker build -f AppBlueprint.Web/Dockerfile . -t appblueprint-web:dev\nThis ensures that the build context has access to the files in the Code/AppBlueprint directory needed to pull in dependendant files and C# projects to build the Dockerfile\n# Base runtime image\nFROM mcr.microsoft.com/dotnet/aspnet:9.0 AS base\nUSER app\nWORKDIR /app\nEXPOSE 443\n\n# Build stage\nFROM mcr.microsoft.com/dotnet/sdk:9.0 AS build\nARG BUILD_CONFIGURATION\u003dRelease\nARG GITHUB_TRUBADOR_PAT\n\n# Install SSL libraries for HTTPS\nRUN apt-get update \u0026\u0026 apt-get install -y libssl-dev\n\nWORKDIR /src\n\n# Copy the central package management file and NuGet config from AppBlueprint directory\nCOPY Directory.Packages.props ./\nCOPY NuGet.Config /root/.nuget/NuGet.Config\n\n# Replace the token placeholder in NuGet config\nRUN sed -i \"s|%GITHUB_TRUBADOR_PAT%|$GITHUB_TRUBADOR_PAT|g\" /root/.nuget/NuGet.Config\n\n# Copy project files\nCOPY [\"AppBlueprint.Web/AppBlueprint.Web.csproj\", \"AppBlueprint.Web/\"]\nCOPY [\"AppBlueprint.ServiceDefaults/AppBlueprint.ServiceDefaults.csproj\", \"AppBlueprint.ServiceDefaults/\"]\n\n# Restore packages (Now using the updated NuGet config with correct GitHub token)\nRUN dotnet restore \"AppBlueprint.Web/AppBlueprint.Web.csproj\"\n\n# Copy the rest of the source code\nCOPY . .\n\nWORKDIR \"/src/AppBlueprint.Web\"\nRUN dotnet build \"AppBlueprint.Web.csproj\" -c $BUILD_CONFIGURATION -o /app/build\n\n# Publish stage\nFROM build AS publish\nARG BUILD_CONFIGURATION\u003dRelease\nRUN dotnet publish \"AppBlueprint.Web.csproj\" -c $BUILD_CONFIGURATION -o /app/publish /p:UseAppHost\u003dfalse\n\n# Final runtime image\nFROM base AS final\nWORKDIR /app\nCOPY --from\u003dpublish /app/publish .\nENTRYPOINT [\"dotnet\", \"AppBlueprint.Web.dll\"]\n","pageTitle":"Dockerfile","metaDescription":"","type":"Documentation","breadcrumbs":"","root":0,"depth":0}