{"objectID":"_code_appblueprint_readme.html#directory_packages","parent":"_code_appblueprint_readme.html#directory_packages","pageViews":0,"url":"writerside-documentation/code-appblueprint-readme.html#directory-packages","mainTitle":"Base runtime image","product":"","headings":"Base runtime image,Directory.Packages","content":"    \u0026lt;ItemGroup\u0026gt;\n        \u0026lt;PackageVersion Include\u003d\"Aspire.Hosting.AppHost\" Version\u003d\"9.0.0\" /\u0026gt;\n        \u0026lt;PackageVersion Include\u003d\"Aspire.Hosting.PostgreSQL\" Version\u003d\"9.0.0\" /\u0026gt;\n        \u0026lt;PackageVersion Include\u003d\"Aspire.Hosting.Redis\" Version\u003d\"9.0.0\" /\u0026gt;\n        \u0026lt;PackageVersion Include\u003d\"Aspire.Hosting.Testing\" Version\u003d\"9.0.0\" /\u0026gt;\n    \u0026lt;/ItemGroup\u0026gt;\n\n    \u0026lt;!-- API Versioning --\u0026gt;\n    \u0026lt;ItemGroup\u0026gt;\n        \u0026lt;PackageVersion Include\u003d\"Asp.Versioning.Mvc\" Version\u003d\"8.1.0\" /\u0026gt;\n        \u0026lt;PackageVersion Include\u003d\"Asp.Versioning.Mvc.ApiExplorer\" Version\u003d\"8.1.0\" /\u0026gt;\n    \u0026lt;/ItemGroup\u0026gt;\n\u0026lt;/Project\u0026gt;\n","pageTitle":"Directory.Packages","metaDescription":"","type":"Documentation","breadcrumbs":"","root":0,"depth":0}