{"objectID":"_code_readme.html#run_github_action_workflows_locally","parent":"_code_readme.html#components","pageViews":0,"url":"writerside-documentation/code-readme.html#run-github-action-workflows-locally","mainTitle":"👨‍💻 Development workflow","product":"","headings":"👨‍💻 Development workflow,Run Github Action workflows locally","content":"# run all workflows\nact -P self-hosted\u003dghcr.io/catthehacker/ubuntu:medium\n# run specific workflow \"publish-packages\"\nact -P self-hosted\u003dghcr.io/catthehacker/ubuntu:medium -j publish-packages\ndokumenter hvordan jeg kører jobs og specifikt job med act kommand lokalt samt at agent type skal være ubuntu-latest i stedet for self hosted før det virker så jeg skal sende agent type ind med en parameter i stedet for at bruge self hosted\nhvis en af workflows har en syntax fejl vil act kommando ikke virke så selvom det job/workflow man vil køre ikke har fejl så skal alle andre workflows også være korrekte\n","pageTitle":"Run Github Action workflows locally","metaDescription":"","type":"Documentation","breadcrumbs":"🏗️ SaaS Factory///AppBlueprint","root":0,"depth":2}