{"objectID":"_documentation_readme.html#Documentation_README.md","parent":"_documentation_readme.html#Documentation_README.md","pageViews":0,"url":"writerside-documentation/documentation-readme.html#Documentation_README.md","mainTitle":"Automated Documentation","product":"","headings":"Automated Documentation","content":"- diagram of cloud infrastructure - diagram of data flows - diagram of code dependencies ","pageTitle":"Automated Documentation","metaDescription":"","type":"Documentation","breadcrumbs":"Documentation","root":0,"depth":1}