{"objectID":"_get_accounts.html#ou0euk_9","parent":"_get_accounts.html#ou0euk_9","pageViews":0,"url":"writerside-documentation/get-accounts.html#ou0euk_9","mainTitle":"Get Accounts","product":"","headings":"Get Accounts,Request parameters","content":"Request parameters: Header \u0026lt;pre\u0026gt;\nContent-type: Authorization\nnull Access token (Bearer \u0026lt;token\u0026gt;)\n\u0026lt;/pre\u0026gt;\n","pageTitle":"Request parameters","metaDescription":"","type":"Documentation","breadcrumbs":"🏗️ SaaS Factory///AppBlueprint///API Reference","root":0,"depth":3}