{"objectID":"_pull_request_template.html#PULL_REQUEST_TEMPLATE.md","parent":"_pull_request_template.html#checklist_for_pull_request_merge_from_development_into_main_production_branch","pageViews":0,"url":"writerside-documentation/pull-request-template.html#PULL_REQUEST_TEMPLATE.md","mainTitle":"Summary \u0026 Motivation","product":"","headings":"Summary \u0026 Motivation","content":"A brief description of the changes in this pull request explaining why these changes are necessary. Please delete this paragraph.\n","pageTitle":"Summary \u0026 Motivation","metaDescription":"","type":"Documentation","breadcrumbs":".github","root":0,"depth":1}