{"objectID":"_readme.html#README.md","parent":"_readme.html#project_status","pageViews":0,"url":"writerside-documentation/readme.html#README.md","mainTitle":"🏗️ SaaS Factory","product":"","headings":"🏗️ SaaS Factory","content":"Solution for Deploying and Managing Any Type of SaaS application\nThe solution includes the app blueprint project that serves as a blueprint for deploying SaaS applications and a Deployment Manager to deploy and manage each SaaS application centrally for optimal efficiency.\nhttps://learn.microsoft.com/en-us/nuget/consume-packages/central-package-management\nhttps://learn.microsoft.com/en-us/nuget/concepts/security-best-practices\n","pageTitle":"🏗️ SaaS Factory","metaDescription":"","type":"Documentation","breadcrumbs":"","root":0,"depth":0}