{"objectID":"_readme.html#application_projects","parent":"_readme.html#project_status","pageViews":0,"url":"writerside-documentation/readme.html#application-projects","mainTitle":"🏗️ SaaS Factory","product":"","headings":"🏗️ SaaS Factory,Application Projects","content":"App Blueprint Web project\nApp Blueprint API project\nApp Blueprint Developer Cli project\nApp Blueprint Application Gateway project\nApp Blueprint AppHost project\nApp Blueprint Test project\n","pageTitle":"Application Projects","metaDescription":"","type":"Documentation","breadcrumbs":"","root":0,"depth":0}