{"objectID":"_readme.html#app_blueprint","parent":"_readme.html#project_status","pageViews":0,"url":"writerside-documentation/readme.html#app-blueprint","mainTitle":"🏗️ SaaS Factory","product":"","headings":"🏗️ SaaS Factory,📄 App Blueprint","content":"Blueprint for Deploying Any Type of SaaS\nBlueprint for deploying any type of B2B or B2C SaaS to accelerate development speed and time-to-market by reducing the need for boilerplate code and infrastructure setup.\n","pageTitle":"📄 App Blueprint","metaDescription":"","type":"Documentation","breadcrumbs":"","root":0,"depth":0}