{"objectID":"_readme.html#complexities","parent":"_readme.html#project_status","pageViews":0,"url":"writerside-documentation/readme.html#complexities","mainTitle":"🏗️ SaaS Factory","product":"","headings":"🏗️ SaaS Factory,🤔 Complexities","content":"- Keeping multiple SaaS applications updated - Balancing high-level vision with low-level troubleshooting - Determining MVP deployment timelines - Deciding when and how to include a Deployment Manager in future versions ","pageTitle":"🤔 Complexities","metaDescription":"","type":"Documentation","breadcrumbs":"","root":0,"depth":0}