{"objectID":"_readme.html#vision","parent":"_readme.html#project_status","pageViews":0,"url":"writerside-documentation/readme.html#vision","mainTitle":"🏗️ SaaS Factory","product":"","headings":"🏗️ SaaS Factory,🎯 Vision","content":"Deploy a new SaaS app project with one command via the Developer CLI, adding application-specific features while fundamental components are preconfigured. Complete deployment within 30 minutes.\n","pageTitle":"🎯 Vision","metaDescription":"","type":"Documentation","breadcrumbs":"","root":0,"depth":0}