{"objectID":"_readme.html#deploymentmanager_application_projects","parent":"_readme.html#project_status","pageViews":0,"url":"writerside-documentation/readme.html#deploymentmanager_application-projects","mainTitle":"🏗️ SaaS Factory","product":"","headings":"🏗️ SaaS Factory,Application Projects","content":"Deployment Manager Web project\nDeployment Manager API project\nDeployment Manager Developer Cli project\nDeployment Manager AppHost project\nDeployment Manager Test project\n","pageTitle":"Application Projects","metaDescription":"","type":"Documentation","breadcrumbs":"","root":0,"depth":0}