{"objectID":"_readme.html#port_mappings_production_docker_compose","parent":"_readme.html#project_status","pageViews":0,"url":"writerside-documentation/readme.html#port-mappings-production-docker-compose","mainTitle":"🏗️ SaaS Factory","product":"","headings":"🏗️ SaaS Factory,🛜 Port Mappings (Production - Docker compose)","content":"Project Url\nWeb https://localhost:8083, http://localhost:8082\nApi https://localhost:8081/api, http://localhost:8080/api\nGateway https://localhost:8085/gw/health, http://localhost:8084/gw/health\n","pageTitle":"🛜 Port Mappings (Production - Docker compose)","metaDescription":"","type":"Documentation","breadcrumbs":"","root":0,"depth":0}