{"objectID":"_readme.html#application_modules","parent":"_readme.html#project_status","pageViews":0,"url":"writerside-documentation/readme.html#application-modules","mainTitle":"🏗️ SaaS Factory","product":"","headings":"🏗️ SaaS Factory,Application Modules","content":"App Blueprint Architecture test module\nApp Blueprint Application module\nApp Blueprint Service defaults module\nApp Blueprint Ui Kit module\nApp Blueprint Application infrastructure module\n","pageTitle":"Application Modules","metaDescription":"","type":"Documentation","breadcrumbs":"","root":0,"depth":0}