{"objectID":"_readme.html#project_status","parent":"_readme.html#project_status","pageViews":0,"url":"writerside-documentation/readme.html#project-status","mainTitle":"🏗️ SaaS Factory","product":"","headings":"🏗️ SaaS Factory,🔢 Project status","content":"Quality Gate Status Quality Gate Status\nBugs Bugs\nCode Smells Code Smells\nCoverage Coverage\nDuplicated Lines Duplicated Lines (%)\n","pageTitle":"🔢 Project status","metaDescription":"","type":"Documentation","breadcrumbs":"","root":0,"depth":0}