{"objectID":"_readme.html#objectives","parent":"_readme.html#project_status","pageViews":0,"url":"writerside-documentation/readme.html#objectives","mainTitle":"🏗️ SaaS Factory","product":"","headings":"🏗️ SaaS Factory,📈 Objectives","content":"- Fun to work with and develop - Consolidated shared infrastructure - Cost-effective, secure, and fast deployment - Familiar tech stack (maximize C# usage) - Automated processes for CI/CD, disaster recovery, and documentation - Support for multiple environments: Dev, QA, staging, and production ","pageTitle":"📈 Objectives","metaDescription":"","type":"Documentation","breadcrumbs":"","root":0,"depth":0}