{"objectID":"_readme.html#development_workflow","parent":"_readme.html#project_status","pageViews":0,"url":"writerside-documentation/readme.html#development-workflow","mainTitle":"🏗️ SaaS Factory","product":"","headings":"🏗️ SaaS Factory,👨‍💻 Development Workflow","content":"Getting started guide to develop both on the App Blueprint and Deployment Manager projects\nDevelopment Workflow\n","pageTitle":"👨‍💻 Development Workflow","metaDescription":"","type":"Documentation","breadcrumbs":"","root":0,"depth":0}