{"objectID":"_security.html#security_roadmap","parent":"_security.html#introduction","pageViews":0,"url":"writerside-documentation/security.html#security-roadmap","mainTitle":"Security Policy","product":"","headings":"Security Policy,Security Roadmap","content":"PlatformPlatform is currently in the early stage. We\u0027re proactively working towards strengthening our security posture. Our ongoing efforts include:\n2. Engaging professional penetration testing services 4. Implementing Static Code Analysis within pull request workflows 6. Integrating Open Source vulnerability and license scanning tools 8. Resolving all security warnings and alerts in Azure 10. Ensuring secure coding practices are followed 12. Conducting regular security audits and assessments 14. Developing and implementing an incident response plan 16. Providing security training and awareness programs for team members 18. Monitoring and logging all activities for potential security threats 20. Utilizing encryption for sensitive data ","pageTitle":"Security Roadmap","metaDescription":"","type":"Documentation","breadcrumbs":".github","root":0,"depth":1}