{"objectID":"_security.html#introduction","parent":"_security.html#introduction","pageViews":0,"url":"writerside-documentation/security.html#introduction","mainTitle":"Security Policy","product":"","headings":"Security Policy,Introduction","content":"The security of our project is a top priority. We appreciate the contributions of our community in identifying potential vulnerabilities and helping us maintain a secure environment. This policy outlines the steps we will take to ensure the security of our project and provides guidance on how to report any security concerns.\n","pageTitle":"Introduction","metaDescription":"","type":"Documentation","breadcrumbs":".github","root":0,"depth":1}