{"objectID":"_swagger_json_api_data_exports_getdataexports_get.html#swagger.json_api_data_exports_GetDataExports_GET.md","parent":"_swagger_json_api_data_exports_getdataexports_get.html#swagger.json_api_data_exports_GetDataExports_GET.md","pageViews":0,"url":"writerside-documentation/swagger-json-api-data-exports-getdataexports-get.html#swagger.json_api_data_exports_GetDataExports_GET.md","mainTitle":"/api/data-exports/GetDataExports GET","product":"","headings":"/api/data-exports/GetDataExports GET","content":"","pageTitle":"/api/data-exports/GetDataExports GET","metaDescription":"","type":"Documentation","breadcrumbs":"Writerside///topics///swagger.json","root":0,"depth":3}