{"objectID":"_swagger_json_api_credits_get.html#swagger.json_api_credits_GET.md","parent":"_swagger_json_api_credits_get.html#swagger.json_api_credits_GET.md","pageViews":0,"url":"writerside-documentation/swagger-json-api-credits-get.html#swagger.json_api_credits_GET.md","mainTitle":"/api/credits GET","product":"","headings":"/api/credits GET","content":"","pageTitle":"/api/credits GET","metaDescription":"","type":"Documentation","breadcrumbs":"Writerside///topics///swagger.json","root":0,"depth":3}