{"objectID":"_swagger_json_api_files_createfile_post.html#swagger.json_api_Files_CreateFile_POST.md","parent":"_swagger_json_api_files_createfile_post.html#swagger.json_api_Files_CreateFile_POST.md","pageViews":0,"url":"writerside-documentation/swagger-json-api-files-createfile-post.html#swagger.json_api_Files_CreateFile_POST.md","mainTitle":"/api/Files/CreateFile POST","product":"","headings":"/api/Files/CreateFile POST","content":"","pageTitle":"/api/Files/CreateFile POST","metaDescription":"","type":"Documentation","breadcrumbs":"Writerside///topics///swagger.json","root":0,"depth":3}