{"objectID":"_swagger_json_api_api_keys_id_put.html#swagger.json_api_api_keys_id_PUT.md","parent":"_swagger_json_api_api_keys_id_put.html#swagger.json_api_api_keys_id_PUT.md","pageViews":0,"url":"writerside-documentation/swagger-json-api-api-keys-id-put.html#swagger.json_api_api_keys_id_PUT.md","mainTitle":"/api/api-keys/{id} PUT","product":"","headings":"/api/api-keys/{id} PUT","content":"","pageTitle":"/api/api-keys/{id} PUT","metaDescription":"","type":"Documentation","breadcrumbs":"Writerside///topics///swagger.json","root":0,"depth":3}