{"objectID":"_swagger_json_api_data_exports_createdataexport_post.html#swagger.json_api_data_exports_CreateDataExport_POST.md","parent":"_swagger_json_api_data_exports_createdataexport_post.html#swagger.json_api_data_exports_CreateDataExport_POST.md","pageViews":0,"url":"writerside-documentation/swagger-json-api-data-exports-createdataexport-post.html#swagger.json_api_data_exports_CreateDataExport_POST.md","mainTitle":"/api/data-exports/CreateDataExport POST","product":"","headings":"/api/data-exports/CreateDataExport POST","content":"","pageTitle":"/api/data-exports/CreateDataExport POST","metaDescription":"","type":"Documentation","breadcrumbs":"Writerside///topics///swagger.json","root":0,"depth":3}