{"objectID":"_swagger_json_api_files_getfile_id_get.html#swagger.json_api_Files_GetFile_id_GET.md","parent":"_swagger_json_api_files_getfile_id_get.html#swagger.json_api_Files_GetFile_id_GET.md","pageViews":0,"url":"writerside-documentation/swagger-json-api-files-getfile-id-get.html#swagger.json_api_Files_GetFile_id_GET.md","mainTitle":"/api/Files/GetFile/{id} GET","product":"","headings":"/api/Files/GetFile/{id} GET","content":"","pageTitle":"/api/Files/GetFile/{id} GET","metaDescription":"","type":"Documentation","breadcrumbs":"Writerside///topics///swagger.json","root":0,"depth":3}