{"objectID":"_swagger_json_api_search_id_put.html#swagger.json_api_search_id_PUT.md","parent":"_swagger_json_api_search_id_put.html#swagger.json_api_search_id_PUT.md","pageViews":0,"url":"writerside-documentation/swagger-json-api-search-id-put.html#swagger.json_api_search_id_PUT.md","mainTitle":"/api/search/{id} PUT","product":"","headings":"/api/search/{id} PUT","content":"","pageTitle":"/api/search/{id} PUT","metaDescription":"","type":"Documentation","breadcrumbs":"Writerside///topics///swagger.json","root":0,"depth":3}