{"objectID":"_swagger_json_api_search_id_get.html#swagger.json_api_search_id_GET.md","parent":"_swagger_json_api_search_id_get.html#swagger.json_api_search_id_GET.md","pageViews":0,"url":"writerside-documentation/swagger-json-api-search-id-get.html#swagger.json_api_search_id_GET.md","mainTitle":"/api/search/{id} GET","product":"","headings":"/api/search/{id} GET","content":"","pageTitle":"/api/search/{id} GET","metaDescription":"","type":"Documentation","breadcrumbs":"Writerside///topics///swagger.json","root":0,"depth":3}