{"objectID":"_swagger_json_api_integrations_deleteintegration_id_delete.html#swagger.json_api_integrations_DeleteIntegration_id_DELETE.md","parent":"_swagger_json_api_integrations_deleteintegration_id_delete.html#swagger.json_api_integrations_DeleteIntegration_id_DELETE.md","pageViews":0,"url":"writerside-documentation/swagger-json-api-integrations-deleteintegration-id-delete.html#swagger.json_api_integrations_DeleteIntegration_id_DELETE.md","mainTitle":"/api/integrations/DeleteIntegration/{id} DELETE","product":"","headings":"/api/integrations/DeleteIntegration/{id} DELETE","content":"","pageTitle":"/api/integrations/DeleteIntegration/{id} DELETE","metaDescription":"","type":"Documentation","breadcrumbs":"Writerside///topics///swagger.json","root":0,"depth":3}