{"objectID":"_swagger_json_api_search_post.html#swagger.json_api_search_POST.md","parent":"_swagger_json_api_search_post.html#swagger.json_api_search_POST.md","pageViews":0,"url":"writerside-documentation/swagger-json-api-search-post.html#swagger.json_api_search_POST.md","mainTitle":"/api/search POST","product":"","headings":"/api/search POST","content":"","pageTitle":"/api/search POST","metaDescription":"","type":"Documentation","breadcrumbs":"Writerside///topics///swagger.json","root":0,"depth":3}