{"objectID":"_swagger_json_api_webhooks_webhook_post.html#swagger.json_api_webhooks_Webhook_POST.md","parent":"_swagger_json_api_webhooks_webhook_post.html#swagger.json_api_webhooks_Webhook_POST.md","pageViews":0,"url":"writerside-documentation/swagger-json-api-webhooks-webhook-post.html#swagger.json_api_webhooks_Webhook_POST.md","mainTitle":"/api/webhooks/Webhook POST","product":"","headings":"/api/webhooks/Webhook POST","content":"","pageTitle":"/api/webhooks/Webhook POST","metaDescription":"","type":"Documentation","breadcrumbs":"Writerside///topics///swagger.json","root":0,"depth":3}