{"objectID":"_swagger_json_api_users_id_get.html#swagger.json_api_users_id_GET.md","parent":"_swagger_json_api_users_id_get.html#swagger.json_api_users_id_GET.md","pageViews":0,"url":"writerside-documentation/swagger-json-api-users-id-get.html#swagger.json_api_users_id_GET.md","mainTitle":"/api/users/{id} GET","product":"","headings":"/api/users/{id} GET","content":"","pageTitle":"/api/users/{id} GET","metaDescription":"","type":"Documentation","breadcrumbs":"Writerside///topics///swagger.json","root":0,"depth":3}