{"objectID":"_swagger_json_api_integrations_createintegration_post.html#swagger.json_api_integrations_CreateIntegration_POST.md","parent":"_swagger_json_api_integrations_createintegration_post.html#swagger.json_api_integrations_CreateIntegration_POST.md","pageViews":0,"url":"writerside-documentation/swagger-json-api-integrations-createintegration-post.html#swagger.json_api_integrations_CreateIntegration_POST.md","mainTitle":"/api/integrations/CreateIntegration POST","product":"","headings":"/api/integrations/CreateIntegration POST","content":"","pageTitle":"/api/integrations/CreateIntegration POST","metaDescription":"","type":"Documentation","breadcrumbs":"Writerside///topics///swagger.json","root":0,"depth":3}