{"objectID":"_swagger_json_account_createaccount_post.html#swagger.json_Account_CreateAccount_POST.md","parent":"_swagger_json_account_createaccount_post.html#swagger.json_Account_CreateAccount_POST.md","pageViews":0,"url":"writerside-documentation/swagger-json-account-createaccount-post.html#swagger.json_Account_CreateAccount_POST.md","mainTitle":"/Account/CreateAccount POST","product":"","headings":"/Account/CreateAccount POST","content":"","pageTitle":"/Account/CreateAccount POST","metaDescription":"","type":"Documentation","breadcrumbs":"Writerside///topics///swagger.json","root":0,"depth":3}