{"objectID":"_swagger_json_account_deleteaccount_id_delete.html#_vi9kj6_9","parent":"_swagger_json_account_deleteaccount_id_delete.html#_vi9kj6_9","pageViews":0,"url":"writerside-documentation/swagger-json-account-deleteaccount-id-delete.html#-vi9kj6_9","mainTitle":"/Account/DeleteAccount/{id} DELETE","product":"","headings":"/Account/DeleteAccount/{id} DELETE,Request parameters","content":"Request parameters: Path \u0026lt;pre\u0026gt;\nContent-type: id\ninteger int32\n\u0026lt;/pre\u0026gt;\nRequest parameters: Header \u0026lt;pre\u0026gt;\nContent-type: Authorization\nnull Access token (Bearer \u0026lt;token\u0026gt;)\n\u0026lt;/pre\u0026gt;\n","pageTitle":"Request parameters","metaDescription":"","type":"Documentation","breadcrumbs":"Writerside///topics///swagger.json","root":0,"depth":3}