{"objectID":"_swagger_json_api_teams_id_get.html#swagger.json_api_teams_id_GET.md","parent":"_swagger_json_api_teams_id_get.html#swagger.json_api_teams_id_GET.md","pageViews":0,"url":"writerside-documentation/swagger-json-api-teams-id-get.html#swagger.json_api_teams_id_GET.md","mainTitle":"/api/teams/{id} GET","product":"","headings":"/api/teams/{id} GET","content":"","pageTitle":"/api/teams/{id} GET","metaDescription":"","type":"Documentation","breadcrumbs":"Writerside///topics///swagger.json","root":0,"depth":3}