{"objectID":"_swagger_json_api_roles_id_delete.html#swagger.json_api_roles_id_DELETE.md","parent":"_swagger_json_api_roles_id_delete.html#swagger.json_api_roles_id_DELETE.md","pageViews":0,"url":"writerside-documentation/swagger-json-api-roles-id-delete.html#swagger.json_api_roles_id_DELETE.md","mainTitle":"/api/roles/{id} DELETE","product":"","headings":"/api/roles/{id} DELETE","content":"","pageTitle":"/api/roles/{id} DELETE","metaDescription":"","type":"Documentation","breadcrumbs":"Writerside///topics///swagger.json","root":0,"depth":3}