{"objectID":"_swagger_json_api_organizations_get.html#swagger.json_api_organizations_GET.md","parent":"_swagger_json_api_organizations_get.html#swagger.json_api_organizations_GET.md","pageViews":0,"url":"writerside-documentation/swagger-json-api-organizations-get.html#swagger.json_api_organizations_GET.md","mainTitle":"/api/organizations GET","product":"","headings":"/api/organizations GET","content":"","pageTitle":"/api/organizations GET","metaDescription":"","type":"Documentation","breadcrumbs":"Writerside///topics///swagger.json","root":0,"depth":3}