{"objectID":"_swagger_json_api_files_getfiles_get.html#swagger.json_api_Files_GetFiles_GET.md","parent":"_swagger_json_api_files_getfiles_get.html#swagger.json_api_Files_GetFiles_GET.md","pageViews":0,"url":"writerside-documentation/swagger-json-api-files-getfiles-get.html#swagger.json_api_Files_GetFiles_GET.md","mainTitle":"/api/Files/GetFiles GET","product":"","headings":"/api/Files/GetFiles GET","content":"","pageTitle":"/api/Files/GetFiles GET","metaDescription":"","type":"Documentation","breadcrumbs":"Writerside///topics///swagger.json","root":0,"depth":3}