{"objectID":"_swagger_json_api_search_id_delete.html#swagger.json_api_search_id_DELETE.md","parent":"_swagger_json_api_search_id_delete.html#swagger.json_api_search_id_DELETE.md","pageViews":0,"url":"writerside-documentation/swagger-json-api-search-id-delete.html#swagger.json_api_search_id_DELETE.md","mainTitle":"/api/search/{id} DELETE","product":"","headings":"/api/search/{id} DELETE","content":"","pageTitle":"/api/search/{id} DELETE","metaDescription":"","type":"Documentation","breadcrumbs":"Writerside///topics///swagger.json","root":0,"depth":3}