{"objectID":"_swagger_json_account_getaccount_id_get.html#swagger.json_Account_GetAccount_id_GET.md","parent":"_swagger_json_account_getaccount_id_get.html#swagger.json_Account_GetAccount_id_GET.md","pageViews":0,"url":"writerside-documentation/swagger-json-account-getaccount-id-get.html#swagger.json_Account_GetAccount_id_GET.md","mainTitle":"/Account/GetAccount/{id} GET","product":"","headings":"/Account/GetAccount/{id} GET","content":"","pageTitle":"/Account/GetAccount/{id} GET","metaDescription":"","type":"Documentation","breadcrumbs":"Writerside///topics///swagger.json","root":0,"depth":3}