{"objectID":"_swagger_json_api_demo_id_get.html#swagger.json_api_demo_id_GET.md","parent":"_swagger_json_api_demo_id_get.html#swagger.json_api_demo_id_GET.md","pageViews":0,"url":"writerside-documentation/swagger-json-api-demo-id-get.html#swagger.json_api_demo_id_GET.md","mainTitle":"/api/demo/{id} GET","product":"","headings":"/api/demo/{id} GET","content":"","pageTitle":"/api/demo/{id} GET","metaDescription":"","type":"Documentation","breadcrumbs":"Writerside///topics///swagger.json","root":0,"depth":3}