{"objectID":"_swagger_json_appproject_deleteappproject_id_delete.html#swagger.json_AppProject_DeleteAppProject_id_DELETE.md","parent":"_swagger_json_appproject_deleteappproject_id_delete.html#swagger.json_AppProject_DeleteAppProject_id_DELETE.md","pageViews":0,"url":"writerside-documentation/swagger-json-appproject-deleteappproject-id-delete.html#swagger.json_AppProject_DeleteAppProject_id_DELETE.md","mainTitle":"/AppProject/DeleteAppProject/{id} DELETE","product":"","headings":"/AppProject/DeleteAppProject/{id} DELETE","content":"","pageTitle":"/AppProject/DeleteAppProject/{id} DELETE","metaDescription":"","type":"Documentation","breadcrumbs":"Writerside///topics///swagger.json","root":0,"depth":3}