{"objectID":"_swagger_json_api_notifications_getnotifications_get.html#swagger.json_api_notifications_GetNotifications_GET.md","parent":"_swagger_json_api_notifications_getnotifications_get.html#swagger.json_api_notifications_GetNotifications_GET.md","pageViews":0,"url":"writerside-documentation/swagger-json-api-notifications-getnotifications-get.html#swagger.json_api_notifications_GetNotifications_GET.md","mainTitle":"/api/notifications/GetNotifications GET","product":"","headings":"/api/notifications/GetNotifications GET","content":"","pageTitle":"/api/notifications/GetNotifications GET","metaDescription":"","type":"Documentation","breadcrumbs":"Writerside///topics///swagger.json","root":0,"depth":3}