{"objectID":"_swagger_json_appproject_getappprojects_get.html#swagger.json_AppProject_GetAppProjects_GET.md","parent":"_swagger_json_appproject_getappprojects_get.html#swagger.json_AppProject_GetAppProjects_GET.md","pageViews":0,"url":"writerside-documentation/swagger-json-appproject-getappprojects-get.html#swagger.json_AppProject_GetAppProjects_GET.md","mainTitle":"/AppProject/GetAppProjects GET","product":"","headings":"/AppProject/GetAppProjects GET","content":"","pageTitle":"/AppProject/GetAppProjects GET","metaDescription":"","type":"Documentation","breadcrumbs":"Writerside///topics///swagger.json","root":0,"depth":3}