{"objectID":"_swagger_json_api_api_keys_id_get.html#swagger.json_api_api_keys_id_GET.md","parent":"_swagger_json_api_api_keys_id_get.html#swagger.json_api_api_keys_id_GET.md","pageViews":0,"url":"writerside-documentation/swagger-json-api-api-keys-id-get.html#swagger.json_api_api_keys_id_GET.md","mainTitle":"/api/api-keys/{id} GET","product":"","headings":"/api/api-keys/{id} GET","content":"","pageTitle":"/api/api-keys/{id} GET","metaDescription":"","type":"Documentation","breadcrumbs":"Writerside///topics///swagger.json","root":0,"depth":3}