{"objectID":"_swagger_json_api_credits_id_put.html#swagger.json_api_credits_id_PUT.md","parent":"_swagger_json_api_credits_id_put.html#swagger.json_api_credits_id_PUT.md","pageViews":0,"url":"writerside-documentation/swagger-json-api-credits-id-put.html#swagger.json_api_credits_id_PUT.md","mainTitle":"/api/credits/{id} PUT","product":"","headings":"/api/credits/{id} PUT","content":"","pageTitle":"/api/credits/{id} PUT","metaDescription":"","type":"Documentation","breadcrumbs":"Writerside///topics///swagger.json","root":0,"depth":3}