{"objectID":"_swagger_json_api_notifications_getnotification_id_delete.html#swagger.json_api_notifications_GetNotification_id_DELETE.md","parent":"_swagger_json_api_notifications_getnotification_id_delete.html#swagger.json_api_notifications_GetNotification_id_DELETE.md","pageViews":0,"url":"writerside-documentation/swagger-json-api-notifications-getnotification-id-delete.html#swagger.json_api_notifications_GetNotification_id_DELETE.md","mainTitle":"/api/notifications/GetNotification/{id} DELETE","product":"","headings":"/api/notifications/GetNotification/{id} DELETE","content":"","pageTitle":"/api/notifications/GetNotification/{id} DELETE","metaDescription":"","type":"Documentation","breadcrumbs":"Writerside///topics///swagger.json","root":0,"depth":3}