{"objectID":"_swagger_json_api_api_keys_getapikeys_get.html#swagger.json_api_api_keys_GetApiKeys_GET.md","parent":"_swagger_json_api_api_keys_getapikeys_get.html#swagger.json_api_api_keys_GetApiKeys_GET.md","pageViews":0,"url":"writerside-documentation/swagger-json-api-api-keys-getapikeys-get.html#swagger.json_api_api_keys_GetApiKeys_GET.md","mainTitle":"/api/api-keys/GetApiKeys GET","product":"","headings":"/api/api-keys/GetApiKeys GET","content":"","pageTitle":"/api/api-keys/GetApiKeys GET","metaDescription":"","type":"Documentation","breadcrumbs":"Writerside///topics///swagger.json","root":0,"depth":3}