{"objectID":"_swagger_json_api_tenants_id_put.html#swagger.json_api_tenants_id_PUT.md","parent":"_swagger_json_api_tenants_id_put.html#swagger.json_api_tenants_id_PUT.md","pageViews":0,"url":"writerside-documentation/swagger-json-api-tenants-id-put.html#swagger.json_api_tenants_id_PUT.md","mainTitle":"/api/tenants/{id} PUT","product":"","headings":"/api/tenants/{id} PUT","content":"","pageTitle":"/api/tenants/{id} PUT","metaDescription":"","type":"Documentation","breadcrumbs":"Writerside///topics///swagger.json","root":0,"depth":3}