{"objectID":"_swagger_json_api_organizations_id_put.html#swagger.json_api_organizations_id_PUT.md","parent":"_swagger_json_api_organizations_id_put.html#swagger.json_api_organizations_id_PUT.md","pageViews":0,"url":"writerside-documentation/swagger-json-api-organizations-id-put.html#swagger.json_api_organizations_id_PUT.md","mainTitle":"/api/organizations/{id} PUT","product":"","headings":"/api/organizations/{id} PUT","content":"","pageTitle":"/api/organizations/{id} PUT","metaDescription":"","type":"Documentation","breadcrumbs":"Writerside///topics///swagger.json","root":0,"depth":3}