{"objectID":"_swagger_json_api_integrations_updateintegration_id_put.html#swagger.json_api_integrations_UpdateIntegration_id_PUT.md","parent":"_swagger_json_api_integrations_updateintegration_id_put.html#swagger.json_api_integrations_UpdateIntegration_id_PUT.md","pageViews":0,"url":"writerside-documentation/swagger-json-api-integrations-updateintegration-id-put.html#swagger.json_api_integrations_UpdateIntegration_id_PUT.md","mainTitle":"/api/integrations/UpdateIntegration/{id} PUT","product":"","headings":"/api/integrations/UpdateIntegration/{id} PUT","content":"","pageTitle":"/api/integrations/UpdateIntegration/{id} PUT","metaDescription":"","type":"Documentation","breadcrumbs":"Writerside///topics///swagger.json","root":0,"depth":3}