{"objectID":"_swagger_json_api_credits_id_get.html#swagger.json_api_credits_id_GET.md","parent":"_swagger_json_api_credits_id_get.html#swagger.json_api_credits_id_GET.md","pageViews":0,"url":"writerside-documentation/swagger-json-api-credits-id-get.html#swagger.json_api_credits_id_GET.md","mainTitle":"/api/credits/{id} GET","product":"","headings":"/api/credits/{id} GET","content":"","pageTitle":"/api/credits/{id} GET","metaDescription":"","type":"Documentation","breadcrumbs":"Writerside///topics///swagger.json","root":0,"depth":3}