{"objectID":"_swagger_json_appproject_getappproject_id_get.html#swagger.json_AppProject_GetAppProject_id_GET.md","parent":"_swagger_json_appproject_getappproject_id_get.html#swagger.json_AppProject_GetAppProject_id_GET.md","pageViews":0,"url":"writerside-documentation/swagger-json-appproject-getappproject-id-get.html#swagger.json_AppProject_GetAppProject_id_GET.md","mainTitle":"/AppProject/GetAppProject/{id} GET","product":"","headings":"/AppProject/GetAppProject/{id} GET","content":"","pageTitle":"/AppProject/GetAppProject/{id} GET","metaDescription":"","type":"Documentation","breadcrumbs":"Writerside///topics///swagger.json","root":0,"depth":3}