{"objectID":"_swagger_json_api_data_exports_getdataexport_id_delete.html#swagger.json_api_data_exports_GetDataExport_id_DELETE.md","parent":"_swagger_json_api_data_exports_getdataexport_id_delete.html#swagger.json_api_data_exports_GetDataExport_id_DELETE.md","pageViews":0,"url":"writerside-documentation/swagger-json-api-data-exports-getdataexport-id-delete.html#swagger.json_api_data_exports_GetDataExport_id_DELETE.md","mainTitle":"/api/data-exports/GetDataExport/{id} DELETE","product":"","headings":"/api/data-exports/GetDataExport/{id} DELETE","content":"","pageTitle":"/api/data-exports/GetDataExport/{id} DELETE","metaDescription":"","type":"Documentation","breadcrumbs":"Writerside///topics///swagger.json","root":0,"depth":3}