{"objectID":"_swagger_json_api_authentication_verifymfa_post.html#swagger.json_api_Authentication_VerifyMFA_POST.md","parent":"_swagger_json_api_authentication_verifymfa_post.html#swagger.json_api_Authentication_VerifyMFA_POST.md","pageViews":0,"url":"writerside-documentation/swagger-json-api-authentication-verifymfa-post.html#swagger.json_api_Authentication_VerifyMFA_POST.md","mainTitle":"/api/Authentication/VerifyMFA POST","product":"","headings":"/api/Authentication/VerifyMFA POST","content":"","pageTitle":"/api/Authentication/VerifyMFA POST","metaDescription":"","type":"Documentation","breadcrumbs":"Writerside///topics///swagger.json","root":0,"depth":3}