{"objectID":"_swagger_json_api_authentication_setupmfa_post.html#swagger.json_api_Authentication_SetupMFA_POST.md","parent":"_swagger_json_api_authentication_setupmfa_post.html#swagger.json_api_Authentication_SetupMFA_POST.md","pageViews":0,"url":"writerside-documentation/swagger-json-api-authentication-setupmfa-post.html#swagger.json_api_Authentication_SetupMFA_POST.md","mainTitle":"/api/Authentication/SetupMFA POST","product":"","headings":"/api/Authentication/SetupMFA POST","content":"","pageTitle":"/api/Authentication/SetupMFA POST","metaDescription":"","type":"Documentation","breadcrumbs":"Writerside///topics///swagger.json","root":0,"depth":3}