{"objectID":"_swagger_json_account_deleteaccount_id_delete.html#swagger.json_Account_DeleteAccount_id_DELETE.md","parent":"_swagger_json_account_deleteaccount_id_delete.html#_vi9kj6_9","pageViews":0,"url":"writerside-documentation/swagger-json-account-deleteaccount-id-delete.html#swagger.json_Account_DeleteAccount_id_DELETE.md","mainTitle":"/Account/DeleteAccount/{id} DELETE","product":"","headings":"/Account/DeleteAccount/{id} DELETE","content":"DELETE /Account/DeleteAccount/{id} ","pageTitle":"/Account/DeleteAccount/{id} DELETE","metaDescription":"","type":"Documentation","breadcrumbs":"Writerside///topics///swagger.json","root":0,"depth":3}