{"objectID":"_swagger_json_api_teams_id_put.html#swagger.json_api_teams_id_PUT.md","parent":"_swagger_json_api_teams_id_put.html#swagger.json_api_teams_id_PUT.md","pageViews":0,"url":"writerside-documentation/swagger-json-api-teams-id-put.html#swagger.json_api_teams_id_PUT.md","mainTitle":"/api/teams/{id} PUT","product":"","headings":"/api/teams/{id} PUT","content":"","pageTitle":"/api/teams/{id} PUT","metaDescription":"","type":"Documentation","breadcrumbs":"Writerside///topics///swagger.json","root":0,"depth":3}