{"objectID":"_swagger_json_api_integrations_getintegrations_get.html#swagger.json_api_integrations_GetIntegrations_GET.md","parent":"_swagger_json_api_integrations_getintegrations_get.html#swagger.json_api_integrations_GetIntegrations_GET.md","pageViews":0,"url":"writerside-documentation/swagger-json-api-integrations-getintegrations-get.html#swagger.json_api_integrations_GetIntegrations_GET.md","mainTitle":"/api/integrations/GetIntegrations GET","product":"","headings":"/api/integrations/GetIntegrations GET","content":"","pageTitle":"/api/integrations/GetIntegrations GET","metaDescription":"","type":"Documentation","breadcrumbs":"Writerside///topics///swagger.json","root":0,"depth":3}