{"objectID":"_swagger_json_api_demo_id_delete.html#swagger.json_api_demo_id_DELETE.md","parent":"_swagger_json_api_demo_id_delete.html#swagger.json_api_demo_id_DELETE.md","pageViews":0,"url":"writerside-documentation/swagger-json-api-demo-id-delete.html#swagger.json_api_demo_id_DELETE.md","mainTitle":"/api/demo/{id} DELETE","product":"","headings":"/api/demo/{id} DELETE","content":"","pageTitle":"/api/demo/{id} DELETE","metaDescription":"","type":"Documentation","breadcrumbs":"Writerside///topics///swagger.json","root":0,"depth":3}