{"objectID":"_swagger_json_appproject_createappproject_post.html#swagger.json_AppProject_CreateAppProject_POST.md","parent":"_swagger_json_appproject_createappproject_post.html#swagger.json_AppProject_CreateAppProject_POST.md","pageViews":0,"url":"writerside-documentation/swagger-json-appproject-createappproject-post.html#swagger.json_AppProject_CreateAppProject_POST.md","mainTitle":"/AppProject/CreateAppProject POST","product":"","headings":"/AppProject/CreateAppProject POST","content":"","pageTitle":"/AppProject/CreateAppProject POST","metaDescription":"","type":"Documentation","breadcrumbs":"Writerside///topics///swagger.json","root":0,"depth":3}