{"objectID":"_swagger_json_api_auditlogs_getauditlogs_get.html#swagger.json_api_AuditLogs_GetAuditLogs_GET.md","parent":"_swagger_json_api_auditlogs_getauditlogs_get.html#swagger.json_api_AuditLogs_GetAuditLogs_GET.md","pageViews":0,"url":"writerside-documentation/swagger-json-api-auditlogs-getauditlogs-get.html#swagger.json_api_AuditLogs_GetAuditLogs_GET.md","mainTitle":"/api/AuditLogs/GetAuditLogs GET","product":"","headings":"/api/AuditLogs/GetAuditLogs GET","content":"","pageTitle":"/api/AuditLogs/GetAuditLogs GET","metaDescription":"","type":"Documentation","breadcrumbs":"Writerside///topics///swagger.json","root":0,"depth":3}