{"objectID":"_swagger_json_api_organizations_post.html#swagger.json_api_organizations_POST.md","parent":"_swagger_json_api_organizations_post.html#swagger.json_api_organizations_POST.md","pageViews":0,"url":"writerside-documentation/swagger-json-api-organizations-post.html#swagger.json_api_organizations_POST.md","mainTitle":"/api/organizations POST","product":"","headings":"/api/organizations POST","content":"","pageTitle":"/api/organizations POST","metaDescription":"","type":"Documentation","breadcrumbs":"Writerside///topics///swagger.json","root":0,"depth":3}