{"objectID":"_swagger_json_api_roles_id_get.html#swagger.json_api_roles_id_GET.md","parent":"_swagger_json_api_roles_id_get.html#swagger.json_api_roles_id_GET.md","pageViews":0,"url":"writerside-documentation/swagger-json-api-roles-id-get.html#swagger.json_api_roles_id_GET.md","mainTitle":"/api/roles/{id} GET","product":"","headings":"/api/roles/{id} GET","content":"","pageTitle":"/api/roles/{id} GET","metaDescription":"","type":"Documentation","breadcrumbs":"Writerside///topics///swagger.json","root":0,"depth":3}