{"objectID":"_swagger_json_api_integrations_getintegration_id_get.html#swagger.json_api_integrations_GetIntegration_id_GET.md","parent":"_swagger_json_api_integrations_getintegration_id_get.html#swagger.json_api_integrations_GetIntegration_id_GET.md","pageViews":0,"url":"writerside-documentation/swagger-json-api-integrations-getintegration-id-get.html#swagger.json_api_integrations_GetIntegration_id_GET.md","mainTitle":"/api/integrations/GetIntegration/{id} GET","product":"","headings":"/api/integrations/GetIntegration/{id} GET","content":"","pageTitle":"/api/integrations/GetIntegration/{id} GET","metaDescription":"","type":"Documentation","breadcrumbs":"Writerside///topics///swagger.json","root":0,"depth":3}