{"objectID":"_swagger_json_api_authentication_register_post.html#swagger.json_api_Authentication_Register_POST.md","parent":"_swagger_json_api_authentication_register_post.html#swagger.json_api_Authentication_Register_POST.md","pageViews":0,"url":"writerside-documentation/swagger-json-api-authentication-register-post.html#swagger.json_api_Authentication_Register_POST.md","mainTitle":"/api/Authentication/Register POST","product":"","headings":"/api/Authentication/Register POST","content":"","pageTitle":"/api/Authentication/Register POST","metaDescription":"","type":"Documentation","breadcrumbs":"Writerside///topics///swagger.json","root":0,"depth":3}