{"objectID":"_swagger_json_api_users_id_put.html#swagger.json_api_users_id_PUT.md","parent":"_swagger_json_api_users_id_put.html#swagger.json_api_users_id_PUT.md","pageViews":0,"url":"writerside-documentation/swagger-json-api-users-id-put.html#swagger.json_api_users_id_PUT.md","mainTitle":"/api/users/{id} PUT","product":"","headings":"/api/users/{id} PUT","content":"","pageTitle":"/api/users/{id} PUT","metaDescription":"","type":"Documentation","breadcrumbs":"Writerside///topics///swagger.json","root":0,"depth":3}