{"objectID":"_swagger_json_api_files_deletefile_id_delete.html#swagger.json_api_Files_DeleteFile_id_DELETE.md","parent":"_swagger_json_api_files_deletefile_id_delete.html#swagger.json_api_Files_DeleteFile_id_DELETE.md","pageViews":0,"url":"writerside-documentation/swagger-json-api-files-deletefile-id-delete.html#swagger.json_api_Files_DeleteFile_id_DELETE.md","mainTitle":"/api/Files/DeleteFile/{id} DELETE","product":"","headings":"/api/Files/DeleteFile/{id} DELETE","content":"","pageTitle":"/api/Files/DeleteFile/{id} DELETE","metaDescription":"","type":"Documentation","breadcrumbs":"Writerside///topics///swagger.json","root":0,"depth":3}