{"objectID":"_swagger_json_api_authentication_resetpassword_post.html#swagger.json_api_Authentication_ResetPassword_POST.md","parent":"_swagger_json_api_authentication_resetpassword_post.html#swagger.json_api_Authentication_ResetPassword_POST.md","pageViews":0,"url":"writerside-documentation/swagger-json-api-authentication-resetpassword-post.html#swagger.json_api_Authentication_ResetPassword_POST.md","mainTitle":"/api/Authentication/ResetPassword POST","product":"","headings":"/api/Authentication/ResetPassword POST","content":"","pageTitle":"/api/Authentication/ResetPassword POST","metaDescription":"","type":"Documentation","breadcrumbs":"Writerside///topics///swagger.json","root":0,"depth":3}