{"objectID":"_swagger_json_api_credits_id_delete.html#swagger.json_api_credits_id_DELETE.md","parent":"_swagger_json_api_credits_id_delete.html#swagger.json_api_credits_id_DELETE.md","pageViews":0,"url":"writerside-documentation/swagger-json-api-credits-id-delete.html#swagger.json_api_credits_id_DELETE.md","mainTitle":"/api/credits/{id} DELETE","product":"","headings":"/api/credits/{id} DELETE","content":"","pageTitle":"/api/credits/{id} DELETE","metaDescription":"","type":"Documentation","breadcrumbs":"Writerside///topics///swagger.json","root":0,"depth":3}