{"objectID":"_swagger_json_api_tenants_get.html#swagger.json_api_tenants_GET.md","parent":"_swagger_json_api_tenants_get.html#swagger.json_api_tenants_GET.md","pageViews":0,"url":"writerside-documentation/swagger-json-api-tenants-get.html#swagger.json_api_tenants_GET.md","mainTitle":"/api/tenants GET","product":"","headings":"/api/tenants GET","content":"","pageTitle":"/api/tenants GET","metaDescription":"","type":"Documentation","breadcrumbs":"Writerside///topics///swagger.json","root":0,"depth":3}