{"objectID":"_swagger_json_api_credits_post.html#swagger.json_api_credits_POST.md","parent":"_swagger_json_api_credits_post.html#swagger.json_api_credits_POST.md","pageViews":0,"url":"writerside-documentation/swagger-json-api-credits-post.html#swagger.json_api_credits_POST.md","mainTitle":"/api/credits POST","product":"","headings":"/api/credits POST","content":"","pageTitle":"/api/credits POST","metaDescription":"","type":"Documentation","breadcrumbs":"Writerside///topics///swagger.json","root":0,"depth":3}