{"objectID":"_use_cases.html#data_exports_gdpr_compliance","parent":"_use_cases.html#functional_use_cases_for_a_b2b_b2c_saas_platform","pageViews":0,"url":"writerside-documentation/use-cases.html#data-exports-gdpr-compliance","mainTitle":"Use Cases","product":"","headings":"Use Cases,","content":"Actors: User, System, Data Protection Officer\n- User-requested data exports in multiple formats. - Right to data erasure (compliance with GDPR and similar regulations). - Consent management for data collection and marketing communications. ","pageTitle":"","metaDescription":"","type":"Documentation","breadcrumbs":"🏗️ SaaS Factory","root":0,"depth":1}