{"objectID":"_use_cases.html#transactional_email","parent":"_use_cases.html#functional_use_cases_for_a_b2b_b2c_saas_platform","pageViews":0,"url":"writerside-documentation/use-cases.html#transactional-email","mainTitle":"Use Cases","product":"","headings":"Use Cases,","content":"-Actors: User, System, Email Service Provider\n- Automated system notifications (e.g., password resets, account verification). - Customizable email templates aligned with branding. - API integration with third-party email providers. ","pageTitle":"","metaDescription":"","type":"Documentation","breadcrumbs":"🏗️ SaaS Factory","root":0,"depth":1}