{"objectID":"_use_cases.html#user_preferences_customization","parent":"_use_cases.html#functional_use_cases_for_a_b2b_b2c_saas_platform","pageViews":0,"url":"writerside-documentation/use-cases.html#user-preferences-customization","mainTitle":"Use Cases","product":"","headings":"Use Cases,","content":"Actors: User, System, Administrator\n- Personalized UI and dashboard configurations. - Custom notification settings. - Localization and internationalization support. ","pageTitle":"","metaDescription":"","type":"Documentation","breadcrumbs":"🏗️ SaaS Factory","root":0,"depth":1}