{"objectID":"_use_cases.html#payment_billing","parent":"_use_cases.html#functional_use_cases_for_a_b2b_b2c_saas_platform","pageViews":0,"url":"writerside-documentation/use-cases.html#payment-billing","mainTitle":"Use Cases","product":"","headings":"Use Cases,","content":"- Actors: User, System, Payment Gateway\n- Recurring subscription management.\n- Invoice generation and real-time payment tracking.\n- Integration with multiple payment gateways.\n- Refund processing and dispute handling.\n","pageTitle":"","metaDescription":"","type":"Documentation","breadcrumbs":"🏗️ SaaS Factory","root":0,"depth":1}