{"objectID":"_use_cases.html#b2c_specific_functionalities","parent":"_use_cases.html#functional_use_cases_for_a_b2b_b2c_saas_platform","pageViews":0,"url":"writerside-documentation/use-cases.html#b2c-specific-functionalities","mainTitle":"Use Cases","product":"","headings":"Use Cases,","content":"Actors: User, System, Marketing Team\n- Personalized dashboards and analytics. - Social media authentication and referral incentives. - Gamification features for user engagement. ","pageTitle":"","metaDescription":"","type":"Documentation","breadcrumbs":"🏗️ SaaS Factory","root":0,"depth":1}