{"objectID":"_use_cases.html#scalability_performance_optimization_resilience","parent":"_use_cases.html#functional_use_cases_for_a_b2b_b2c_saas_platform","pageViews":0,"url":"writerside-documentation/use-cases.html#scalability-performance-optimization-resilience","mainTitle":"Use Cases","product":"","headings":"Use Cases,","content":"Actors: User, System, DevOps Team\n- Auto-scaling infrastructure for fluctuating demand. - Load balancing and CDN caching. - Disaster recovery and high-availability failover solutions. ","pageTitle":"","metaDescription":"","type":"Documentation","breadcrumbs":"🏗️ SaaS Factory","root":0,"depth":1}