{"objectID":"_use_cases.html#file_management","parent":"_use_cases.html#functional_use_cases_for_a_b2b_b2c_saas_platform","pageViews":0,"url":"writerside-documentation/use-cases.html#file-management","mainTitle":"Use Cases","product":"","headings":"Use Cases,","content":"Actors: User, System, Administrator\n- Secure file upload, access control, and storage management. - Version control and rollback support. - Third-party cloud storage integrations. ","pageTitle":"","metaDescription":"","type":"Documentation","breadcrumbs":"🏗️ SaaS Factory","root":0,"depth":1}