{"objectID":"_use_cases.html#organizations_teams","parent":"_use_cases.html#functional_use_cases_for_a_b2b_b2c_saas_platform","pageViews":0,"url":"writerside-documentation/use-cases.html#organizations-teams","mainTitle":"Use Cases","product":"","headings":"Use Cases,","content":"Actors: User, System, Organization Administrator\n- Multi-tenant architecture with organization-level account management. - Team-based collaboration tools with custom permissions. - User invitation and administrative role assignments. ","pageTitle":"","metaDescription":"","type":"Documentation","breadcrumbs":"🏗️ SaaS Factory","root":0,"depth":1}