{"objectID":"_use_cases.html#table_of_contents","parent":"_use_cases.html#functional_use_cases_for_a_b2b_b2c_saas_platform","pageViews":0,"url":"writerside-documentation/use-cases.html#table-of-contents","mainTitle":"Use Cases","product":"","headings":"Use Cases,","content":"2. Introduction 4. User Authentication \u0026amp; Authorization 6. Transactional Email 8. Payment \u0026amp; Billing 10. Logging \u0026amp; Audit Logging 12. Customers \u0026amp; Users 14. Data Exports \u0026amp; GDPR Compliance 16. File Management 18. Integration with Other Applications 20. Recurring Subscriptions 22. Organizations \u0026amp; Teams 24. Administrative Oversight \u0026amp; Governance 26. B2C-Specific Functionalities 28. B2B-Specific Functionalities 30. User Preferences \u0026amp; Customization 32. Comprehensive Reporting \u0026amp; Business Intelligence 34. Multi-Language \u0026amp; Localization 36. Advanced Security \u0026amp; Compliance Framework 38. Customer Engagement, Retention, \u0026amp; Lifecycle Management 40. Scalability, Performance Optimization, \u0026amp; Resilience 42. Use Case: User Signup 44. Use Case: User Login 46. Conclusion ","pageTitle":"","metaDescription":"","type":"Documentation","breadcrumbs":"🏗️ SaaS Factory","root":0,"depth":1}