{"objectID":"_use_cases.html#b2b_specific_functionalities","parent":"_use_cases.html#functional_use_cases_for_a_b2b_b2c_saas_platform","pageViews":0,"url":"writerside-documentation/use-cases.html#b2b-specific-functionalities","mainTitle":"Use Cases","product":"","headings":"Use Cases,","content":"Actors: User, System, Enterprise Administrator\n- Enterprise-level contract management and licensing. - SLA-backed customer support. - Custom analytics and reporting for organizations. ","pageTitle":"","metaDescription":"","type":"Documentation","breadcrumbs":"🏗️ SaaS Factory","root":0,"depth":1}