{"objectID":"_use_cases.html#functional_use_cases_for_a_b2b_b2c_saas_platform","parent":"_use_cases.html#functional_use_cases_for_a_b2b_b2c_saas_platform","pageViews":0,"url":"writerside-documentation/use-cases.html#functional-use-cases-for-a-b2b-b2c-saas-platform","mainTitle":"Use Cases","product":"","headings":"Use Cases,Functional Use Cases for a B2B/B2C SaaS Platform","content":"","pageTitle":"Functional Use Cases for a B2B/B2C SaaS Platform","metaDescription":"","type":"Documentation","breadcrumbs":"🏗️ SaaS Factory","root":0,"depth":1}