{"objectID":"_use_cases.html#advanced_security_compliance_framework","parent":"_use_cases.html#functional_use_cases_for_a_b2b_b2c_saas_platform","pageViews":0,"url":"writerside-documentation/use-cases.html#advanced-security-compliance-framework","mainTitle":"Use Cases","product":"","headings":"Use Cases,","content":"Actors: User, System, Security Officer\n- Encryption standards (AES-256, TLS 1.3) for secure data storage and transmission. - Regular vulnerability assessments and security audits. - Adherence to industry regulations (GDPR, HIPAA, SOC 2, ISO 27001). ","pageTitle":"","metaDescription":"","type":"Documentation","breadcrumbs":"🏗️ SaaS Factory","root":0,"depth":1}