{"objectID":"_use_cases.html#customer_engagement_retention_lifecycle_management","parent":"_use_cases.html#functional_use_cases_for_a_b2b_b2c_saas_platform","pageViews":0,"url":"writerside-documentation/use-cases.html#customer-engagement-retention-lifecycle-management","mainTitle":"Use Cases","product":"","headings":"Use Cases,","content":"Actors: User, System, Marketing Team\n- AI-powered automated customer interactions. - Behavioral tracking and engagement scoring. - Lifecycle management and targeted re-engagement campaigns. ","pageTitle":"","metaDescription":"","type":"Documentation","breadcrumbs":"🏗️ SaaS Factory","root":0,"depth":1}