{"objectID":"_use_cases.html#logging_audit_logging","parent":"_use_cases.html#functional_use_cases_for_a_b2b_b2c_saas_platform","pageViews":0,"url":"writerside-documentation/use-cases.html#logging-audit-logging","mainTitle":"Use Cases","product":"","headings":"Use Cases,","content":"Actors: User, System, Administrator\n- Secure event logging for compliance and security monitoring. - Audit trails of administrative and user actions. - Configurable log retention policies. ","pageTitle":"","metaDescription":"","type":"Documentation","breadcrumbs":"🏗️ SaaS Factory","root":0,"depth":1}