{"objectID":"_use_cases.html#administrative_oversight_governance","parent":"_use_cases.html#functional_use_cases_for_a_b2b_b2c_saas_platform","pageViews":0,"url":"writerside-documentation/use-cases.html#administrative-oversight-governance","mainTitle":"Use Cases","product":"","headings":"Use Cases,","content":"Actors: User, System, Administrator\n- System-wide configuration and monitoring tools. - Granular access controls for administrators. - Built-in compliance tracking and reporting. ","pageTitle":"","metaDescription":"","type":"Documentation","breadcrumbs":"🏗️ SaaS Factory","root":0,"depth":1}