{"objectID":"_use_cases.html#introduction","parent":"_use_cases.html#functional_use_cases_for_a_b2b_b2c_saas_platform","pageViews":0,"url":"writerside-documentation/use-cases.html#introduction","mainTitle":"Use Cases","product":"","headings":"Use Cases,","content":"This document details the functional use cases for a generic Software as a Service (SaaS) application. It provides a comprehensive specification on how to build a scalable, secure, and modular SaaS application using modern technologies. The use cases cover user signup, login, API authentication, deployment strategies and more from the perspective of the user of a generic SaaS application as well as the developer. The document only specify the business logic or domain-specific requirements and does not specify the technical implementation to build a SaaS application including the tech stack, system architecture, and development setup required for building the SaaS application.\n","pageTitle":"","metaDescription":"","type":"Documentation","breadcrumbs":"🏗️ SaaS Factory","root":0,"depth":1}