{"objectID":"_user_login_use_case.html#main_success_scenario","parent":"_user_login_use_case.html#actors","pageViews":0,"url":"writerside-documentation/user-login-use-case.html#main-success-scenario","mainTitle":"Use Case: User Login","product":"","headings":"Use Case: User Login,","content":"2. User selects \u0026quot;Sign Up.\u0026quot; 4. The system presents a registration form. 6. User enters email, password, and optional profile details. 8. System validates input data. 10. A new user record is securely stored. 12. A verification email is dispatched. 14. User clicks the verification link. 16. System activates the user’s account. 18. User is redirected to the login page. ","pageTitle":"","metaDescription":"","type":"Documentation","breadcrumbs":"🏗️ SaaS Factory///Use Cases","root":0,"depth":2}