{"objectID":"_user_signup_use_case.html#preconditions","parent":"_user_signup_use_case.html#actors","pageViews":0,"url":"writerside-documentation/user-signup-use-case.html#preconditions","mainTitle":"Use Case: User Signup","product":"","headings":"Use Case: User Signup,","content":"- The user has not previously registered. - The system is fully operational. - Email services are functional for verification purposes. ","pageTitle":"","metaDescription":"","type":"Documentation","breadcrumbs":"🏗️ SaaS Factory///Use Cases","root":0,"depth":2}