{"objectID":"_user_login_use_case.html#stakeholders_and_interests","parent":"_user_login_use_case.html#actors","pageViews":0,"url":"writerside-documentation/user-login-use-case.html#stakeholders-and-interests","mainTitle":"Use Case: User Login","product":"","headings":"Use Case: User Login,","content":"- New User: Seeks a seamless onboarding experience. - System Administrator: Ensures system security and proper onboarding. - Company: Aims to optimize the signup flow for increased conversions. ","pageTitle":"","metaDescription":"","type":"Documentation","breadcrumbs":"🏗️ SaaS Factory///Use Cases","root":0,"depth":2}